id;ulica;id_miasto
1;Kilińskiego;100
2;Piotrkowska;99
3;Krakowska;98
4;Grunwaldzka;97
5;Piłsudskiego;96
6;Mickiewicza;95
7;Sienkiewicza;94
8;Roosevelta;93
9;3 Maja;92
10;Warszawska;91
11;Wrocławska;90
12;Jagiellońska;89
13;Główna;88
14;Sobieskiego;87
15;Rynek;86
16;Paderewskiego;85
17;Warszawska;84
18;Warszawska;83
19;Rynek;82
20;Warszawska;81
21;Warszawska;80
22;Lipowa;79
23;Kwiatowa;78
24;Brzozowa;77
25;Słoneczna;76
26;Akacjowa;75
27;Piaskowa;74
28;Ogrodowa;73
29;Parkowa;72
30;Sosnowa;71
31;Wiśniowa;70
32;Polna;69
33;Dębowa;68
34;Topolowa;67
35;Łąkowa;66
36;Cicha;65
37;Wąska;64
38;Zielona;63
39;Leśna;62
40;Kościuszki;61
41;Mikołajczyka;60
42;Skłodowskiej-Curie;59
43;Powstańców Śląskich;58
44;Armii Krajowej;57
45;Bema;56
46;Konopnickiej;55
47;Krótka;54
48;Fabryczna;53
49;Nadbrzeżna;52
50;Sportowa;51
51;Krzywa;50
52;Wiejska;49
53;Chopina;48
54;Szkolna;47
55;Kolejowa;46
56;Modrzewiowa;45
57;Białostocka;44
58;Graniczna;43
59;Sądowa;42
60;Klonowa;41
61;Brzegowa;40
62;Krucza;39
63;Kościelna;38
64;Podgórna;37
65;Zamkowa;36
66;Fredry;35
67;Dolna;34
68;Reja;33
69;Spacerowa;32
70;Strzelecka;31
71;Żeromskiego;30
72;Ogrodowa;29
73;Paderewskiego;28
74;Parkowa;27
75;Piaskowa;26
76;Piłsudskiego;25
77;Piotrkowska;24
78;Podgórna;23
79;Polna;22
80;Powstańców Śląskich;21
81;Reja;20
82;Roosevelta;19
83;Rynek;18
84;Rynek;17
85;Sądowa;16
86;Sienkiewicza;15
87;Skłodowskiej-Curie;14
88;Słoneczna;13
89;Sobieskiego;12
90;Sosnowa;11
91;Spacerowa;10
92;Sportowa;9
93;Strzelecka;8
94;Szkolna;7
95;Warszawska;6
96;Sosnowa;5
97;Mieszka I;4
98;Słoneczna;3
99;Rynek;2
100;Rynek;1
101;Reymonta;89
102;Stolarska;21
103;Wiejska;96
104;Alabastrowa;10
105;Chabrowa;67
106;Plater;18
107;Fabryczna;19
108;Kilińskiego;6
109;Piotrkowska;76
110;Krakowska;61
111;Grunwaldzka;63
112;Piłsudskiego;46
113;Mickiewicza;12
114;Sienkiewicza;72
115;Roosevelta;43
116;4 Maja;64
117;Warszawska;12
118;Wrocławska;85
119;Jagiellońska;73
120;Główna;46
121;Sobieskiego;91
122;Rynek;96
123;Paderewskiego;92
124;Warszawska;45
125;Warszawska;13
126;Rynek;5
127;Warszawska;72
128;Warszawska;44
129;Lipowa;8
130;Kwiatowa;3
131;Brzozowa;80
132;Słoneczna;41
133;Akacjowa;47
134;Ogrodowa;72
135;Parkowa;38
136;Sosnowa;88
137;Wiśniowa;77
138;Polna;87
139;Dębowa;19
140;Topolowa;67
141;Łąkowa;98
142;Cicha;88
143;Wąska;21
144;Zielona;77
145;Leśna;3
146;Kościuszki;58
147;Mikołajczyka;67
148;Skłodowskiej-Curie;74
149;Powstańców Śląskich;95
150;Bema;64
151;Konopnickiej;42
152;Krótka;99
153;Fabryczna;26
154;Nadbrzeżna;9
155;Sportowa;28
156;Krzywa;21
157;Wiejska;86
158;Chopina;49
159;Szkolna;68
160;Kolejowa;56
161;Modrzewiowa;50
162;Białostocka;86
163;Graniczna;14
164;Sądowa;70
165;Klonowa;58
166;Brzegowa;65
167;Krucza;37
168;Podgórna;92
169;Zamkowa;9
170;Fredry;92
171;Dolna;52
172;Reja;53
173;Spacerowa;40
174;Strzelecka;16
175;Żeromskiego;83
176;Ogrodowa;37
177;Paderewskiego;81
178;Parkowa;61
179;Piaskowa;85
180;Piłsudskiego;94
181;Piotrkowska;18
182;Polna;65
183;Powstańców Śląskich;11
184;Reja;39
185;Roosevelta;38
186;Rynek;63
187;Rynek;80
188;Sądowa;9
189;Sienkiewicza;71
190;Skłodowskiej-Curie;27
191;Słoneczna;2
192;Sobieskiego;31
193;Sosnowa;26
194;Sportowa;96
195;Strzelecka;16
196;Szkolna;41
197;Warszawska;9
198;Sosnowa;5
199;Mieszka I;95
200;Słoneczna;55
201;Rynek;15
202;Rynek;50
203;Reymonta;7
204;Stolarska;94
205;Wiejska;82
206;Alabastrowa;10
207;Chabrowa;54
208;Plater;34
209;Fabryczna;33
210;Kilińskiego;33
211;Piotrkowska;72
212;Krakowska;76
213;Grunwaldzka;64
214;Piłsudskiego;77
215;Mickiewicza;64
216;Sienkiewicza;25
217;Roosevelta;31
218;5 Maja;20
219;Warszawska;83
220;Wrocławska;81
221;Jagiellońska;84
222;Główna;35
223;Sobieskiego;22
224;Rynek;28
225;Paderewskiego;5
226;Warszawska;67
227;Warszawska;42
228;Rynek;13
229;Warszawska;55
230;Warszawska;65
231;Lipowa;19
232;Kwiatowa;41
233;Brzozowa;68
234;Słoneczna;91
235;Akacjowa;40
236;Ogrodowa;45
237;Parkowa;34
238;Sosnowa;45
239;Wiśniowa;25
240;Polna;53
241;Dębowa;56
242;Topolowa;32
243;Łąkowa;59
244;Cicha;71
245;Wąska;87
246;Zielona;51
247;Leśna;1
248;Kościuszki;58
249;Mikołajczyka;64
250;Skłodowskiej-Curie;66
251;Armii Krajowej;12
252;Bema;39
253;Konopnickiej;70
254;Krótka;14
255;Fabryczna;59
256;Nadbrzeżna;50
257;Sportowa;36
258;Krzywa;32
259;Wiejska;47
260;Chopina;50
261;Szkolna;6
262;Kolejowa;99
263;Modrzewiowa;77
264;Białostocka;90
265;Graniczna;76
266;Sądowa;70
267;Klonowa;37
268;Brzegowa;8
269;Krucza;21
270;Kościelna;98
271;Podgórna;46
272;Zamkowa;18
273;Fredry;3
274;Dolna;10
275;Reja;12
276;Spacerowa;67
277;Strzelecka;68
278;Żeromskiego;57
279;Ogrodowa;25
280;Paderewskiego;51
281;Parkowa;81
282;Piaskowa;71
283;Piłsudskiego;48
284;Podgórna;33
285;Polna;79
286;Powstańców Śląskich;38
287;Reja;90
288;Roosevelta;60
289;Rynek;26
290;Rynek;37
291;Sądowa;13
292;Sienkiewicza;10
293;Skłodowskiej-Curie;55
294;Słoneczna;85
295;Sobieskiego;73
296;Sosnowa;63
297;Spacerowa;19
298;Sportowa;39
299;Strzelecka;79
300;Szkolna;41
301;Warszawska;40
302;Sosnowa;58
303;Mieszka I;37
304;Rynek;21
305;Rynek;53
306;Reymonta;61
307;Stolarska;58
308;Wiejska;7
309;Alabastrowa;52
310;Chabrowa;38
311;Plater;78
312;Fabryczna;76
313;Kilińskiego;13
314;Piotrkowska;48
315;Krakowska;24
316;Grunwaldzka;8
317;Piłsudskiego;95
318;Mickiewicza;89
319;Sienkiewicza;57
320;Roosevelta;15
321;6 Maja;67
322;Warszawska;22
323;Wrocławska;31
324;Jagiellońska;80
325;Główna;95
326;Sobieskiego;43
327;Warszawska;28
328;Warszawska;36
329;Rynek;32
330;Warszawska;62
331;Lipowa;7
332;Kwiatowa;52
333;Brzozowa;24
334;Słoneczna;47
335;Akacjowa;3
336;Piaskowa;80
337;Ogrodowa;4
338;Parkowa;8
339;Sosnowa;66
340;Wiśniowa;46
341;Polna;27
342;Dębowa;90
343;Topolowa;9
344;Łąkowa;73
345;Cicha;53
346;Wąska;67
347;Zielona;72
348;Leśna;11
349;Kościuszki;98
350;Mikołajczyka;73
351;Skłodowskiej-Curie;40
352;Powstańców Śląskich;80
353;Armii Krajowej;13
354;Bema;59
355;Konopnickiej;93
356;Krótka;75
357;Fabryczna;66
358;Nadbrzeżna;7
359;Sportowa;25
360;Krzywa;10
361;Wiejska;83
362;Chopina;11
363;Szkolna;1
364;Kolejowa;70
365;Modrzewiowa;10
366;Białostocka;56
367;Graniczna;47
368;Sądowa;74
369;Klonowa;79
370;Brzegowa;15
371;Krucza;80
372;Kościelna;86
373;Podgórna;50
374;Zamkowa;90
375;Fredry;1
376;Dolna;65
377;Reja;82
378;Strzelecka;58
379;Żeromskiego;49
380;Ogrodowa;66
381;Paderewskiego;58
382;Parkowa;80
383;Piaskowa;90
384;Piłsudskiego;76
385;Piotrkowska;80
386;Podgórna;65
387;Polna;66
388;Powstańców Śląskich;3
389;Reja;91
390;Roosevelta;98
391;Rynek;99
392;Rynek;35
393;Sądowa;91
394;Sienkiewicza;6
395;Skłodowskiej-Curie;96
396;Słoneczna;53
397;Sobieskiego;17
398;Spacerowa;35
399;Sportowa;10
400;Strzelecka;51
401;Szkolna;78
402;Warszawska;72
403;Sosnowa;46
404;Mieszka I;16
405;Słoneczna;26
406;Rynek;55
407;Reymonta;66
408;Stolarska;16
409;Wiejska;22
410;Alabastrowa;23
411;Chabrowa;49
412;Plater;70
413;Fabryczna;65
414;Kilińskiego;4
415;Piotrkowska;45
416;Krakowska;41
417;Grunwaldzka;67
418;Piłsudskiego;88
419;Mickiewicza;66
420;Sienkiewicza;43
421;Roosevelta;9
422;7 Maja;9
423;Warszawska;8
424;Wrocławska;2
425;Jagiellońska;83
426;Główna;41
427;Sobieskiego;33
428;Rynek;66
429;Paderewskiego;32
430;Warszawska;90
431;Rynek;36
432;Warszawska;36
433;Warszawska;6
434;Lipowa;9
435;Kwiatowa;89
436;Brzozowa;88
437;Słoneczna;80
438;Akacjowa;29
439;Piaskowa;49
440;Ogrodowa;87
441;Parkowa;70
442;Sosnowa;74
443;Wiśniowa;6
444;Polna;45
445;Dębowa;76
446;Topolowa;28
447;Łąkowa;38
448;Cicha;94
449;Wąska;77
450;Zielona;90
451;Leśna;82
452;Kościuszki;59
453;Mikołajczyka;46
454;Skłodowskiej-Curie;29
455;Powstańców Śląskich;53
456;Armii Krajowej;30
457;Konopnickiej;58
458;Krótka;42
459;Fabryczna;14
460;Nadbrzeżna;33
461;Sportowa;53
462;Krzywa;86
463;Wiejska;46
464;Chopina;45
465;Szkolna;97
466;Kolejowa;21
467;Modrzewiowa;42
468;Białostocka;5
469;Graniczna;11
470;Sądowa;71
471;Klonowa;92
472;Brzegowa;44
473;Krucza;28
474;Kościelna;58
475;Podgórna;30
476;Fredry;38
477;Dolna;45
478;Reja;85
479;Spacerowa;77
480;Strzelecka;8
481;Żeromskiego;2
482;Ogrodowa;76
483;Paderewskiego;53
484;Parkowa;83
485;Piaskowa;6
486;Piłsudskiego;95
487;Piotrkowska;23
488;Podgórna;5
489;Polna;47
490;Reja;64
491;Roosevelta;13
492;Rynek;100
493;Sądowa;49
494;Sienkiewicza;73
495;Skłodowskiej-Curie;14
496;Słoneczna;73
497;Sobieskiego;67
498;Sosnowa;70
499;Spacerowa;5
500;Sportowa;96
501;Strzelecka;45
502;Szkolna;27
503;Warszawska;99
504;Mieszka I;95
505;Słoneczna;83
506;Rynek;62
507;Reymonta;82
508;Stolarska;98
509;Wiejska;42
510;Alabastrowa;99
511;Chabrowa;46
512;Plater;79
513;Fabryczna;36
514;Kilińskiego;60
515;Piotrkowska;7
516;Krakowska;5
517;Grunwaldzka;78
518;Piłsudskiego;1
519;Mickiewicza;93
520;Sienkiewicza;34
521;Roosevelta;5
522;8 Maja;51
523;Warszawska;1
524;Wrocławska;16
525;Jagiellońska;5
526;Główna;38
527;Sobieskiego;12
528;Rynek;81
529;Paderewskiego;88
530;Warszawska;13
531;Warszawska;74
532;Rynek;71
533;Warszawska;24
534;Warszawska;93
535;Lipowa;76
536;Kwiatowa;46
537;Brzozowa;49
538;Akacjowa;88
539;Piaskowa;57
540;Ogrodowa;64
541;Parkowa;22
542;Sosnowa;78
543;Wiśniowa;4
544;Polna;97
545;Topolowa;92
546;Łąkowa;22
547;Cicha;39
548;Wąska;96
549;Zielona;32
550;Leśna;77
551;Kościuszki;79
552;Mikołajczyka;67
553;Skłodowskiej-Curie;52
554;Powstańców Śląskich;20
555;Armii Krajowej;28
556;Bema;38
557;Konopnickiej;27
558;Krótka;25
559;Fabryczna;60
560;Nadbrzeżna;49
561;Sportowa;14
562;Krzywa;72
563;Wiejska;11
564;Chopina;32
565;Szkolna;68
566;Kolejowa;18
567;Modrzewiowa;85
568;Białostocka;77
569;Graniczna;86
570;Sądowa;15
571;Klonowa;97
572;Brzegowa;24
573;Krucza;7
574;Kościelna;77
575;Zamkowa;32
576;Fredry;88
577;Dolna;41
578;Reja;94
579;Spacerowa;12
580;Strzelecka;91
581;Żeromskiego;60
582;Ogrodowa;4
583;Paderewskiego;40
584;Parkowa;32
585;Piaskowa;29
586;Piłsudskiego;31
587;Piotrkowska;24
588;Podgórna;97
589;Polna;55
590;Powstańców Śląskich;25
591;Reja;53
592;Roosevelta;31
593;Rynek;15
594;Rynek;6
595;Sądowa;47
596;Sienkiewicza;60
597;Skłodowskiej-Curie;45
598;Słoneczna;27
599;Sobieskiego;77
600;Sosnowa;5
601;Spacerowa;67
602;Sportowa;69
603;Strzelecka;10
604;Warszawska;35
605;Sosnowa;45
606;Mieszka I;53
607;Słoneczna;94
608;Rynek;29
609;Rynek;11
610;Reymonta;73
611;Stolarska;42
612;Wiejska;45
613;Alabastrowa;18
614;Plater;79
615;Fabryczna;22
616;Kilińskiego;32
617;Krakowska;39
618;Grunwaldzka;28
619;Piłsudskiego;17
620;Mickiewicza;6
621;Sienkiewicza;36
622;Roosevelta;79
623;9 Maja;35
624;Warszawska;35
625;Jagiellońska;57
626;Główna;56
627;Rynek;60
628;Paderewskiego;45
629;Warszawska;81
630;Rynek;53
631;Warszawska;99
632;Kwiatowa;50
633;Brzozowa;80
634;Akacjowa;98
635;Piaskowa;46
636;Ogrodowa;38
637;Parkowa;47
638;Sosnowa;66
639;Wiśniowa;4
640;Polna;82
641;Dębowa;91
642;Topolowa;68
643;Łąkowa;36
644;Cicha;67
645;Wąska;34
646;Zielona;95
647;Leśna;58
648;Kościuszki;69
649;Mikołajczyka;42
650;Skłodowskiej-Curie;11
651;Powstańców Śląskich;38
652;Armii Krajowej;58
653;Bema;100
654;Konopnickiej;82
655;Krótka;16
656;Fabryczna;93
657;Nadbrzeżna;24
658;Sportowa;39
659;Krzywa;21
660;Wiejska;9
661;Chopina;38
662;Szkolna;52
663;Kolejowa;53
664;Modrzewiowa;53
665;Białostocka;21
666;Graniczna;22
667;Sądowa;51
668;Klonowa;87
669;Brzegowa;29
670;Kościelna;15
671;Podgórna;92
672;Zamkowa;72
673;Fredry;17
674;Dolna;32
675;Spacerowa;54
676;Strzelecka;1
677;Żeromskiego;47
678;Ogrodowa;1
679;Paderewskiego;16
680;Parkowa;58
681;Piłsudskiego;29
682;Piotrkowska;74
683;Podgórna;70
684;Polna;40
685;Powstańców Śląskich;52
686;Reja;44
687;Roosevelta;46
688;Rynek;22
689;Sądowa;21
690;Sienkiewicza;81
691;Słoneczna;59
692;Sobieskiego;20
693;Sosnowa;22
694;Spacerowa;52
695;Sportowa;47
696;Strzelecka;20
697;Szkolna;80
698;Warszawska;36
699;Sosnowa;76
700;Mieszka I;4
701;Rynek;93
702;Rynek;15
703;Reymonta;55
704;Stolarska;40
705;Wiejska;99
706;Alabastrowa;75
707;Chabrowa;68
708;Plater;23
709;Fabryczna;28
710;Kilińskiego;60
711;Piotrkowska;30
712;Krakowska;71
713;Grunwaldzka;99
714;Piłsudskiego;97
715;Mickiewicza;89
716;Roosevelta;81
717;10 Maja;5
718;Warszawska;34
719;Wrocławska;9
720;Jagiellońska;1
721;Sobieskiego;92
722;Rynek;35
723;Paderewskiego;3
724;Warszawska;66
725;Warszawska;27
726;Rynek;45
727;Warszawska;14
728;Lipowa;95
729;Kwiatowa;34
730;Brzozowa;57
731;Akacjowa;64
732;Piaskowa;69
733;Ogrodowa;80
734;Parkowa;30
735;Sosnowa;19
736;Wiśniowa;4
737;Polna;58
738;Dębowa;9
739;Topolowa;71
740;Łąkowa;15
741;Cicha;88
742;Wąska;18
743;Zielona;70
744;Leśna;27
745;Kościuszki;8
746;Mikołajczyka;71
747;Skłodowskiej-Curie;74
748;Powstańców Śląskich;100
749;Armii Krajowej;82
750;Bema;85
751;Konopnickiej;84
752;Krótka;78
753;Fabryczna;33
754;Nadbrzeżna;94
755;Sportowa;3
756;Krzywa;35
757;Wiejska;93
758;Chopina;86
759;Szkolna;70
760;Modrzewiowa;19
761;Białostocka;16
762;Graniczna;70
763;Sądowa;55
764;Klonowa;25
765;Brzegowa;49
766;Krucza;34
767;Kościelna;68
768;Podgórna;51
769;Zamkowa;51
770;Fredry;61
771;Dolna;35
772;Reja;76
773;Spacerowa;94
774;Strzelecka;85
775;Żeromskiego;19
776;Ogrodowa;28
777;Paderewskiego;53
778;Piaskowa;24
779;Piłsudskiego;13
780;Piotrkowska;39
781;Podgórna;61
782;Polna;78
783;Powstańców Śląskich;33
784;Reja;81
785;Roosevelta;18
786;Sądowa;14
787;Sienkiewicza;7
788;Skłodowskiej-Curie;2
789;Sobieskiego;96
790;Sosnowa;66
791;Sportowa;38
792;Strzelecka;67
793;Szkolna;62
794;Warszawska;27
795;Sosnowa;69
796;Mieszka I;70
797;Rynek;27
798;Rynek;75
799;Reymonta;99
800;Stolarska;19
801;Alabastrowa;91
802;Chabrowa;62
803;Plater;16
804;Fabryczna;91
805;Kilińskiego;12
806;Piotrkowska;46
807;Grunwaldzka;32
808;Piłsudskiego;42
809;Mickiewicza;93
810;Sienkiewicza;33
811;11 Maja;5
812;Warszawska;81
813;Jagiellońska;67
814;Główna;49
815;Paderewskiego;41
816;Warszawska;25
817;Rynek;76
818;Warszawska;35
819;Warszawska;80
820;Lipowa;76
821;Kwiatowa;32
822;Brzozowa;52
823;Akacjowa;59
824;Piaskowa;15
825;Ogrodowa;35
826;Parkowa;45
827;Sosnowa;14
828;Wiśniowa;12
829;Polna;3
830;Dębowa;67
831;Topolowa;17
832;Łąkowa;8
833;Cicha;1
834;Wąska;89
835;Zielona;62
836;Leśna;81
837;Kościuszki;7
838;Mikołajczyka;24
839;Skłodowskiej-Curie;55
840;Powstańców Śląskich;38
841;Armii Krajowej;44
842;Bema;3
843;Konopnickiej;7
844;Krótka;49
845;Fabryczna;27
846;Nadbrzeżna;66
847;Sportowa;7
848;Krzywa;25
849;Chopina;30
850;Szkolna;97
851;Kolejowa;35
852;Białostocka;46
853;Graniczna;6
854;Sądowa;98
855;Klonowa;63
856;Brzegowa;12
857;Krucza;29
858;Kościelna;77
859;Podgórna;72
860;Zamkowa;20
861;Fredry;62
862;Dolna;76
863;Reja;19
864;Spacerowa;83
865;Strzelecka;75
866;Żeromskiego;21
867;Ogrodowa;56
868;Paderewskiego;97
869;Parkowa;29
870;Piaskowa;53
871;Piłsudskiego;4
872;Piotrkowska;14
873;Podgórna;19
874;Polna;37
875;Powstańców Śląskich;1
876;Reja;69
877;Roosevelta;33
878;Rynek;67
879;Rynek;54
880;Sądowa;7
881;Sienkiewicza;87
882;Skłodowskiej-Curie;95
883;Słoneczna;22
884;Sobieskiego;72
885;Sosnowa;16
886;Spacerowa;62
887;Sportowa;97
888;Strzelecka;27
889;Warszawska;67
890;Mieszka I;98
891;Rynek;88
892;Reymonta;24
893;Wiejska;74
894;Alabastrowa;10
895;Chabrowa;94
896;Plater;81
897;Fabryczna;67
898;Kilińskiego;17
899;Piotrkowska;76
900;Krakowska;44
901;Grunwaldzka;64
902;Piłsudskiego;68
903;Mickiewicza;43
904;Sienkiewicza;18
905;Roosevelta;37
906;12 Maja;19
907;Wrocławska;80
908;Rynek;39
909;Paderewskiego;59
910;Rynek;56
911;Kwiatowa;32
912;Brzozowa;46
913;Słoneczna;58
914;Akacjowa;3
915;Piaskowa;90
916;Ogrodowa;69
917;Sosnowa;7
918;Wiśniowa;70
919;Polna;71
920;Dębowa;98
921;Topolowa;12
922;Łąkowa;85
923;Cicha;43
924;Wąska;52
925;Zielona;51
926;Leśna;41
927;Kościuszki;40
928;Mikołajczyka;57
929;Skłodowskiej-Curie;79
930;Powstańców Śląskich;57
931;Armii Krajowej;88
932;Bema;55
933;Konopnickiej;2
934;Krótka;45
935;Nadbrzeżna;1
936;Sportowa;34
937;Wiejska;38
938;Chopina;25
939;Kolejowa;72
940;Modrzewiowa;46
941;Białostocka;44
942;Graniczna;37
943;Sądowa;68
944;Klonowa;69
945;Brzegowa;37
946;Krucza;89
947;Podgórna;93
948;Zamkowa;63
949;Dolna;96
950;Reja;24
951;Spacerowa;48
952;Strzelecka;83
953;Paderewskiego;16
954;Parkowa;62
955;Piaskowa;35
956;Piłsudskiego;7
957;Piotrkowska;61
958;Podgórna;79
959;Polna;72
960;Powstańców Śląskich;63
961;Reja;16
962;Rynek;53
963;Rynek;86
964;Sądowa;23
965;Sienkiewicza;71
966;Skłodowskiej-Curie;77
967;Słoneczna;19
968;Sobieskiego;46
969;Sosnowa;60
970;Spacerowa;72
971;Sportowa;17
972;Szkolna;19
973;Warszawska;73
974;Mieszka I;48
975;Słoneczna;45
976;Rynek;75
977;Rynek;35
978;Reymonta;61
979;Stolarska;22
980;Wiejska;26
981;Alabastrowa;52
982;Chabrowa;92
983;Plater;60
984;Fabryczna;89
985;Kilińskiego;66
986;Krakowska;35
987;Grunwaldzka;42
988;Mickiewicza;39
989;13 Maja;6
990;Warszawska;61
991;Wrocławska;90
992;Jagiellońska;66
993;Główna;76
994;Sobieskiego;12
995;Paderewskiego;28
996;Rynek;81
997;Lipowa;24
998;Kwiatowa;90
999;Brzozowa;66
1000;Słoneczna;83
1001;Akacjowa;91
1002;Piaskowa;73
1003;Ogrodowa;35
1004;Parkowa;85
1005;Sosnowa;22
1006;Wiśniowa;9
1007;Polna;73
1008;Topolowa;26
1009;Łąkowa;98
1010;Cicha;17
1011;Wąska;9
1012;Zielona;28
1013;Leśna;78
1014;Kościuszki;80
1015;Mikołajczyka;50
1016;Skłodowskiej-Curie;22
1017;Powstańców Śląskich;5
1018;Armii Krajowej;7
1019;Bema;26
1020;Konopnickiej;87
1021;Krótka;94
1022;Fabryczna;98
1023;Nadbrzeżna;47
1024;Sportowa;22
1025;Krzywa;96
1026;Chopina;98
1027;Szkolna;27
1028;Kolejowa;72
1029;Modrzewiowa;80
1030;Białostocka;64
1031;Graniczna;61
1032;Klonowa;77
1033;Brzegowa;4
1034;Krucza;23
1035;Kościelna;78
1036;Podgórna;72
1037;Zamkowa;15
1038;Dolna;18
1039;Reja;86
1040;Spacerowa;73
1041;Strzelecka;34
1042;Żeromskiego;20
1043;Ogrodowa;70
1044;Paderewskiego;93
1045;Parkowa;14
1046;Piaskowa;30
1047;Piłsudskiego;90
1048;Powstańców Śląskich;51
1049;Sądowa;28
1050;Sienkiewicza;67
1051;Skłodowskiej-Curie;99
1052;Słoneczna;27
1053;Sobieskiego;29
1054;Sosnowa;59
1055;Sportowa;62
1056;Strzelecka;12
1057;Szkolna;65
1058;Słoneczna;12
1059;Reymonta;36
1060;Stolarska;46
1061;Alabastrowa;39
1062;Chabrowa;56
1063;Plater;84
1064;Kilińskiego;88
1065;Piotrkowska;62
1066;Krakowska;57
1067;Grunwaldzka;1
1068;Mickiewicza;26
1069;Roosevelta;32
1070;14 Maja;44
1071;Warszawska;62
1072;Wrocławska;99
1073;Jagiellońska;5
1074;Sobieskiego;72
1075;Paderewskiego;77
1076;Rynek;21
1077;Warszawska;44
1078;Lipowa;38
1079;Kwiatowa;31
1080;Brzozowa;98
1081;Słoneczna;50
1082;Piaskowa;62
1083;Ogrodowa;52
1084;Parkowa;71
1085;Sosnowa;95
1086;Wiśniowa;36
1087;Polna;49
1088;Dębowa;99
1089;Topolowa;5
1090;Łąkowa;60
1091;Cicha;97
1092;Wąska;3
1093;Zielona;84
1094;Leśna;5
1095;Kościuszki;72
1096;Mikołajczyka;26
1097;Armii Krajowej;66
1098;Bema;87
1099;Konopnickiej;95
1100;Krótka;84
1101;Fabryczna;12
1102;Nadbrzeżna;38
1103;Sportowa;44
1104;Krzywa;30
1105;Chopina;34
1106;Szkolna;95
1107;Modrzewiowa;58
1108;Białostocka;83
1109;Graniczna;19
1110;Sądowa;73
1111;Klonowa;15
1112;Brzegowa;92
1113;Krucza;77
1114;Kościelna;37
1115;Podgórna;86
1116;Zamkowa;42
1117;Fredry;100
1118;Dolna;51
1119;Spacerowa;59
1120;Strzelecka;56
1121;Żeromskiego;2
1122;Ogrodowa;29
1123;Paderewskiego;18
1124;Parkowa;70
1125;Piłsudskiego;90
1126;Piotrkowska;10
1127;Polna;47
1128;Rynek;93
1129;Sienkiewicza;34
1130;Skłodowskiej-Curie;50
1131;Słoneczna;21
1132;Sobieskiego;58
1133;Sosnowa;38
1134;Sportowa;7
1135;Strzelecka;22
1136;Szkolna;9
1137;Sosnowa;98
1138;Mieszka I;5
1139;Słoneczna;77
1140;Rynek;52
1141;Stolarska;44
1142;Wiejska;21
1143;Alabastrowa;14
1144;Chabrowa;63
1145;Plater;34
1146;Fabryczna;73
1147;Kilińskiego;51
1148;Krakowska;51
1149;Grunwaldzka;41
1150;Piłsudskiego;100
1151;Mickiewicza;45
1152;Sienkiewicza;5
1153;Roosevelta;61
1154;15 Maja;62
1155;Warszawska;25
1156;Wrocławska;3
1157;Jagiellońska;40
1158;Główna;76
1159;Sobieskiego;44
1160;Rynek;45
1161;Paderewskiego;1
1162;Warszawska;10
1163;Warszawska;24
1164;Warszawska;23
1165;Lipowa;5
1166;Kwiatowa;16
1167;Brzozowa;83
1168;Słoneczna;63
1169;Akacjowa;76
1170;Piaskowa;22
1171;Ogrodowa;22
1172;Sosnowa;45
1173;Wiśniowa;31
1174;Polna;26
1175;Topolowa;91
1176;Łąkowa;15
1177;Cicha;1
1178;Wąska;85
1179;Zielona;30
1180;Leśna;86
1181;Kościuszki;29
1182;Mikołajczyka;20
1183;Skłodowskiej-Curie;26
1184;Powstańców Śląskich;12
1185;Armii Krajowej;38
1186;Bema;31
1187;Konopnickiej;93
1188;Krótka;68
1189;Fabryczna;44
1190;Nadbrzeżna;89
1191;Sportowa;95
1192;Krzywa;98
1193;Chopina;93
1194;Kolejowa;84
1195;Modrzewiowa;79
1196;Graniczna;53
1197;Sądowa;44
1198;Klonowa;88
1199;Brzegowa;55
1200;Krucza;38
1201;Kościelna;16
1202;Podgórna;61
1203;Zamkowa;46
1204;Fredry;49
1205;Dolna;83
1206;Strzelecka;52
1207;Żeromskiego;26
1208;Ogrodowa;53
1209;Paderewskiego;86
1210;Parkowa;96
1211;Piłsudskiego;17
1212;Podgórna;88
1213;Polna;59
1214;Rynek;34
1215;Sądowa;70
1216;Sienkiewicza;71
1217;Słoneczna;58
1218;Sobieskiego;14
1219;Sosnowa;98
1220;Spacerowa;97
1221;Sportowa;1
1222;Strzelecka;65
1223;Szkolna;71
1224;Mieszka I;22
1225;Słoneczna;35
1226;Rynek;17
1227;Reymonta;71
1228;Wiejska;79
1229;Alabastrowa;80
1230;Chabrowa;89
1231;Plater;70
1232;Fabryczna;94
1233;Kilińskiego;49
1234;Piotrkowska;38
1235;Krakowska;35
1236;Piłsudskiego;88
1237;Mickiewicza;51
1238;Roosevelta;18
1239;16 Maja;18
1240;Wrocławska;7
1241;Główna;29
1242;Sobieskiego;25
1243;Rynek;17
1244;Warszawska;94
1245;Lipowa;54
1246;Brzozowa;76
1247;Słoneczna;42
1248;Akacjowa;24
1249;Ogrodowa;38
1250;Parkowa;97
1251;Sosnowa;33
1252;Wiśniowa;96
1253;Dębowa;59
1254;Topolowa;40
1255;Łąkowa;22
1256;Cicha;15
1257;Wąska;57
1258;Leśna;36
1259;Kościuszki;26
1260;Mikołajczyka;27
1261;Skłodowskiej-Curie;7
1262;Powstańców Śląskich;62
1263;Armii Krajowej;78
1264;Bema;71
1265;Konopnickiej;52
1266;Krótka;24
1267;Nadbrzeżna;53
1268;Sportowa;67
1269;Krzywa;81
1270;Wiejska;67
1271;Chopina;80
1272;Szkolna;42
1273;Modrzewiowa;18
1274;Białostocka;100
1275;Graniczna;75
1276;Sądowa;21
1277;Klonowa;67
1278;Brzegowa;41
1279;Kościelna;50
1280;Podgórna;2
1281;Zamkowa;3
1282;Fredry;98
1283;Dolna;50
1284;Reja;65
1285;Spacerowa;58
1286;Strzelecka;15
1287;Żeromskiego;69
1288;Ogrodowa;34
1289;Paderewskiego;45
1290;Piaskowa;92
1291;Piłsudskiego;48
1292;Piotrkowska;74
1293;Polna;3
1294;Powstańców Śląskich;69
1295;Roosevelta;38
1296;Rynek;73
1297;Sądowa;71
1298;Sienkiewicza;14
1299;Skłodowskiej-Curie;20
1300;Słoneczna;18
1301;Sobieskiego;86
1302;Sosnowa;43
1303;Spacerowa;22
1304;Sportowa;73
1305;Warszawska;53
1306;Sosnowa;32
1307;Mieszka I;40
1308;Słoneczna;13
1309;Rynek;21
1310;Rynek;43
1311;Reymonta;28
1312;Stolarska;2
1313;Wiejska;62
1314;Alabastrowa;48
1315;Chabrowa;37
1316;Plater;1
1317;Fabryczna;96
1318;Kilińskiego;86
1319;Piotrkowska;98
1320;Krakowska;12
1321;Grunwaldzka;29
1322;Piłsudskiego;6
1323;Mickiewicza;21
1324;Sienkiewicza;76
1325;17 Maja;57
1326;Warszawska;18
1327;Wrocławska;19
1328;Główna;74
1329;Sobieskiego;100
1330;Rynek;35
1331;Paderewskiego;46
1332;Warszawska;73
1333;Lipowa;86
1334;Kwiatowa;32
1335;Akacjowa;48
1336;Ogrodowa;10
1337;Sosnowa;81
1338;Wiśniowa;73
1339;Dębowa;72
1340;Topolowa;1
1341;Łąkowa;58
1342;Cicha;22
1343;Wąska;48
1344;Zielona;34
1345;Leśna;43
1346;Kościuszki;78
1347;Mikołajczyka;23
1348;Skłodowskiej-Curie;57
1349;Powstańców Śląskich;82
1350;Bema;73
1351;Konopnickiej;96
1352;Krótka;71
1353;Fabryczna;50
1354;Nadbrzeżna;50
1355;Sportowa;35
1356;Krzywa;6
1357;Wiejska;32
1358;Chopina;31
1359;Szkolna;36
1360;Kolejowa;9
1361;Modrzewiowa;9
1362;Białostocka;91
1363;Graniczna;71
1364;Sądowa;27
1365;Klonowa;71
1366;Krucza;82
1367;Kościelna;8
1368;Podgórna;5
1369;Fredry;41
1370;Reja;39
1371;Spacerowa;44
1372;Strzelecka;97
1373;Żeromskiego;38
1374;Paderewskiego;63
1375;Parkowa;4
1376;Piaskowa;43
1377;Piłsudskiego;70
1378;Polna;83
1379;Reja;97
1380;Rynek;47
1381;Rynek;40
1382;Sienkiewicza;60
1383;Spacerowa;84
1384;Sportowa;19
1385;Strzelecka;49
1386;Sosnowa;12
1387;Mieszka I;88
1388;Słoneczna;7
1389;Reymonta;37
1390;Stolarska;34
1391;Alabastrowa;23
1392;Chabrowa;20
1393;Plater;32
1394;Fabryczna;98
1395;Kilińskiego;90
1396;Piotrkowska;69
1397;Krakowska;43
1398;Grunwaldzka;16
1399;Piłsudskiego;41
1400;Mickiewicza;36
1401;Sienkiewicza;64
1402;Roosevelta;62
1403;18 Maja;45
1404;Wrocławska;97
1405;Główna;29
1406;Sobieskiego;63
1407;Paderewskiego;72
1408;Warszawska;70
1409;Warszawska;21
1410;Warszawska;93
1411;Lipowa;7
1412;Kwiatowa;85
1413;Brzozowa;95
1414;Słoneczna;60
1415;Akacjowa;40
1416;Piaskowa;23
1417;Parkowa;15
1418;Sosnowa;47
1419;Wiśniowa;10
1420;Polna;55
1421;Dębowa;1
1422;Cicha;89
1423;Wąska;16
1424;Zielona;22
1425;Leśna;55
1426;Kościuszki;25
1427;Mikołajczyka;90
1428;Armii Krajowej;73
1429;Bema;37
1430;Konopnickiej;16
1431;Krótka;65
1432;Nadbrzeżna;23
1433;Sportowa;2
1434;Krzywa;50
1435;Kolejowa;43
1436;Modrzewiowa;15
1437;Białostocka;4
1438;Graniczna;14
1439;Sądowa;45
1440;Klonowa;14
1441;Brzegowa;43
1442;Krucza;28
1443;Kościelna;97
1444;Zamkowa;16
1445;Fredry;13
1446;Dolna;16
1447;Spacerowa;69
1448;Strzelecka;18
1449;Żeromskiego;12
1450;Ogrodowa;70
1451;Parkowa;97
1452;Piaskowa;94
1453;Piłsudskiego;60
1454;Podgórna;81
1455;Polna;4
1456;Powstańców Śląskich;92
1457;Reja;78
1458;Roosevelta;22
1459;Rynek;69
1460;Sienkiewicza;57
1461;Sosnowa;37
1462;Sportowa;72
1463;Strzelecka;43
1464;Szkolna;48
1465;Warszawska;64
1466;Mieszka I;3
1467;Reymonta;72
1468;Stolarska;65
1469;Wiejska;93
1470;Alabastrowa;22
1471;Chabrowa;83
1472;Plater;20
1473;Fabryczna;99
1474;Kilińskiego;65
1475;Krakowska;90
1476;Grunwaldzka;26
1477;Piłsudskiego;61
1478;Mickiewicza;100
1479;Sienkiewicza;81
1480;19 Maja;6
1481;Wrocławska;61
1482;Jagiellońska;42
1483;Główna;81
1484;Sobieskiego;83
1485;Rynek;72
1486;Paderewskiego;14
1487;Lipowa;13
1488;Kwiatowa;49
1489;Akacjowa;97
1490;Piaskowa;21
1491;Parkowa;74
1492;Sosnowa;95
1493;Wiśniowa;18
1494;Polna;63
1495;Dębowa;66
1496;Topolowa;90
1497;Łąkowa;42
1498;Wąska;62
1499;Zielona;77
1500;Leśna;34
1501;Kościuszki;51
1502;Skłodowskiej-Curie;80
1503;Powstańców Śląskich;72
1504;Armii Krajowej;86
1505;Bema;3
1506;Konopnickiej;86
1507;Krótka;94
1508;Fabryczna;90
1509;Nadbrzeżna;41
1510;Krzywa;70
1511;Kolejowa;53
1512;Modrzewiowa;94
1513;Białostocka;7
1514;Klonowa;91
1515;Brzegowa;99
1516;Krucza;46
1517;Kościelna;58
1518;Zamkowa;6
1519;Fredry;29
1520;Dolna;70
1521;Reja;83
1522;Spacerowa;81
1523;Strzelecka;11
1524;Żeromskiego;67
1525;Paderewskiego;86
1526;Parkowa;41
1527;Piaskowa;70
1528;Piłsudskiego;56
1529;Piotrkowska;94
1530;Podgórna;32
1531;Powstańców Śląskich;21
1532;Reja;44
1533;Rynek;15
1534;Sądowa;96
1535;Sienkiewicza;46
1536;Skłodowskiej-Curie;16
1537;Sosnowa;77
1538;Sportowa;37
1539;Strzelecka;12
1540;Szkolna;76
1541;Sosnowa;65
1542;Mieszka I;5
1543;Rynek;84
1544;Reymonta;82
1545;Stolarska;14
1546;Wiejska;46
1547;Alabastrowa;95
1548;Plater;70
1549;Fabryczna;50
1550;Kilińskiego;41
1551;Piotrkowska;75
1552;Grunwaldzka;19
1553;Piłsudskiego;14
1554;Mickiewicza;97
1555;Roosevelta;1
1556;20 Maja;95
1557;Wrocławska;79
1558;Jagiellońska;30
1559;Główna;86
1560;Rynek;97
1561;Paderewskiego;12
1562;Rynek;64
1563;Warszawska;33
1564;Lipowa;34
1565;Kwiatowa;97
1566;Brzozowa;32
1567;Akacjowa;34
1568;Piaskowa;63
1569;Ogrodowa;48
1570;Parkowa;60
1571;Sosnowa;6
1572;Wiśniowa;96
1573;Polna;70
1574;Dębowa;60
1575;Topolowa;20
1576;Cicha;13
1577;Wąska;3
1578;Leśna;97
1579;Kościuszki;9
1580;Mikołajczyka;14
1581;Skłodowskiej-Curie;45
1582;Powstańców Śląskich;59
1583;Armii Krajowej;62
1584;Bema;6
1585;Konopnickiej;78
1586;Krótka;3
1587;Fabryczna;45
1588;Nadbrzeżna;91
1589;Sportowa;72
1590;Krzywa;5
1591;Wiejska;77
1592;Chopina;91
1593;Szkolna;8
1594;Kolejowa;92
1595;Modrzewiowa;14
1596;Graniczna;100
1597;Sądowa;31
1598;Klonowa;84
1599;Brzegowa;22
1600;Kościelna;45
1601;Podgórna;28
1602;Zamkowa;51
1603;Fredry;62
1604;Dolna;51
1605;Reja;74
1606;Spacerowa;6
1607;Strzelecka;65
1608;Żeromskiego;71
1609;Paderewskiego;20
1610;Parkowa;67
1611;Piaskowa;84
1612;Piłsudskiego;71
1613;Piotrkowska;81
1614;Podgórna;8
1615;Polna;19
1616;Powstańców Śląskich;1
1617;Reja;12
1618;Roosevelta;47
1619;Rynek;88
1620;Sienkiewicza;75
1621;Skłodowskiej-Curie;13
1622;Sosnowa;28
1623;Spacerowa;9
1624;Strzelecka;34
1625;Warszawska;34
1626;Mieszka I;40
1627;Reymonta;8
1628;Stolarska;16
1629;Wiejska;69
1630;Alabastrowa;1
1631;Plater;91
1632;Kilińskiego;45
1633;Piotrkowska;19
1634;Krakowska;34
1635;Grunwaldzka;68
1636;Piłsudskiego;29
1637;Mickiewicza;47
1638;Sienkiewicza;80
1639;Roosevelta;51
1640;21 Maja;36
1641;Warszawska;53
1642;Jagiellońska;53
1643;Główna;93
1644;Sobieskiego;14
1645;Paderewskiego;47
1646;Warszawska;82
1647;Brzozowa;99
1648;Piaskowa;39
1649;Ogrodowa;46
1650;Parkowa;42
1651;Sosnowa;57
1652;Wiśniowa;55
1653;Polna;58
1654;Dębowa;12
1655;Topolowa;60
1656;Łąkowa;77
1657;Cicha;84
1658;Wąska;83
1659;Zielona;41
1660;Kościuszki;93
1661;Mikołajczyka;77
1662;Skłodowskiej-Curie;52
1663;Armii Krajowej;58
1664;Bema;61
1665;Konopnickiej;88
1666;Krótka;67
1667;Fabryczna;49
1668;Krzywa;5
1669;Wiejska;61
1670;Chopina;15
1671;Szkolna;38
1672;Kolejowa;87
1673;Modrzewiowa;77
1674;Białostocka;60
1675;Graniczna;86
1676;Brzegowa;37
1677;Krucza;63
1678;Kościelna;27
1679;Podgórna;68
1680;Zamkowa;5
1681;Fredry;73
1682;Dolna;17
1683;Reja;64
1684;Spacerowa;90
1685;Żeromskiego;33
1686;Ogrodowa;30
1687;Paderewskiego;52
1688;Parkowa;27
1689;Piaskowa;39
1690;Piotrkowska;82
1691;Polna;11
1692;Powstańców Śląskich;78
1693;Reja;98
1694;Rynek;8
1695;Sądowa;38
1696;Sienkiewicza;48
1697;Skłodowskiej-Curie;67
1698;Sobieskiego;16
1699;Sosnowa;67
1700;Sportowa;4
1701;Szkolna;54
1702;Sosnowa;53
1703;Mieszka I;81
1704;Rynek;95
1705;Reymonta;63
1706;Stolarska;11
1707;Alabastrowa;65
1708;Plater;23
1709;Kilińskiego;83
1710;Piotrkowska;80
1711;Krakowska;72
1712;Grunwaldzka;42
1713;Mickiewicza;65
1714;Sienkiewicza;75
1715;Roosevelta;23
1716;22 Maja;14
1717;Wrocławska;71
1718;Jagiellońska;23
1719;Główna;99
1720;Sobieskiego;46
1721;Lipowa;92
1722;Słoneczna;12
1723;Akacjowa;61
1724;Piaskowa;68
1725;Ogrodowa;75
1726;Parkowa;40
1727;Sosnowa;69
1728;Wiśniowa;72
1729;Dębowa;61
1730;Topolowa;46
1731;Łąkowa;17
1732;Cicha;92
1733;Zielona;22
1734;Leśna;4
1735;Kościuszki;35
1736;Mikołajczyka;91
1737;Skłodowskiej-Curie;81
1738;Armii Krajowej;88
1739;Bema;69
1740;Konopnickiej;97
1741;Krótka;1
1742;Fabryczna;49
1743;Nadbrzeżna;50
1744;Sportowa;47
1745;Krzywa;59
1746;Wiejska;14
1747;Chopina;59
1748;Kolejowa;80
1749;Modrzewiowa;84
1750;Białostocka;26
1751;Graniczna;45
1752;Krucza;20
1753;Kościelna;31
1754;Podgórna;96
1755;Zamkowa;100
1756;Fredry;94
1757;Dolna;53
1758;Reja;48
1759;Spacerowa;25
1760;Strzelecka;14
1761;Ogrodowa;39
1762;Paderewskiego;100
1763;Piaskowa;43
1764;Piłsudskiego;60
1765;Podgórna;66
1766;Polna;15
1767;Powstańców Śląskich;85
1768;Reja;3
1769;Roosevelta;40
1770;Sądowa;99
1771;Sienkiewicza;78
1772;Skłodowskiej-Curie;61
1773;Słoneczna;41
1774;Sobieskiego;64
1775;Sosnowa;33
1776;Spacerowa;49
1777;Sportowa;83
1778;Strzelecka;64
1779;Szkolna;7
1780;Sosnowa;23
1781;Mieszka I;66
1782;Słoneczna;15
1783;Stolarska;66
1784;Wiejska;45
1785;Alabastrowa;32
1786;Chabrowa;77
1787;Plater;39
1788;Fabryczna;51
1789;Kilińskiego;60
1790;Piotrkowska;95
1791;Krakowska;61
1792;Grunwaldzka;80
1793;Piłsudskiego;30
1794;Mickiewicza;8
1795;Sienkiewicza;45
1796;Roosevelta;15
1797;23 Maja;100
1798;Wrocławska;70
1799;Jagiellońska;60
1800;Główna;70
1801;Paderewskiego;11
1802;Warszawska;3
1803;Warszawska;80
1804;Brzozowa;25
1805;Akacjowa;42
1806;Piaskowa;39
1807;Ogrodowa;11
1808;Sosnowa;51
1809;Polna;41
1810;Dębowa;58
1811;Topolowa;16
1812;Łąkowa;59
1813;Cicha;4
1814;Wąska;83
1815;Zielona;35
1816;Leśna;54
1817;Kościuszki;54
1818;Mikołajczyka;66
1819;Powstańców Śląskich;17
1820;Armii Krajowej;87
1821;Bema;30
1822;Konopnickiej;47
1823;Krótka;47
1824;Fabryczna;42
1825;Nadbrzeżna;58
1826;Sportowa;30
1827;Krzywa;80
1828;Kolejowa;28
1829;Modrzewiowa;53
1830;Białostocka;18
1831;Graniczna;8
1832;Sądowa;77
1833;Klonowa;87
1834;Brzegowa;93
1835;Krucza;52
1836;Podgórna;78
1837;Fredry;82
1838;Dolna;88
1839;Reja;32
1840;Strzelecka;91
1841;Żeromskiego;68
1842;Paderewskiego;94
1843;Piaskowa;5
1844;Piłsudskiego;13
1845;Podgórna;89
1846;Polna;78
1847;Reja;32
1848;Roosevelta;3
1849;Rynek;4
1850;Skłodowskiej-Curie;75
1851;Słoneczna;94
1852;Sosnowa;2
1853;Sportowa;62
1854;Szkolna;86
1855;Sosnowa;55
1856;Rynek;96
1857;Reymonta;95
1858;Stolarska;57
1859;Alabastrowa;33
1860;Chabrowa;82
1861;Fabryczna;90
1862;Kilińskiego;60
1863;Piotrkowska;12
1864;Krakowska;28
1865;Grunwaldzka;26
1866;Sienkiewicza;94
1867;24 Maja;76
1868;Warszawska;78
1869;Wrocławska;63
1870;Jagiellońska;90
1871;Główna;32
1872;Paderewskiego;76
1873;Warszawska;82
1874;Warszawska;83
1875;Warszawska;81
1876;Lipowa;39
1877;Brzozowa;56
1878;Akacjowa;93
1879;Piaskowa;72
1880;Ogrodowa;3
1881;Polna;89
1882;Dębowa;90
1883;Łąkowa;75
1884;Cicha;3
1885;Wąska;25
1886;Zielona;38
1887;Leśna;61
1888;Kościuszki;99
1889;Mikołajczyka;14
1890;Powstańców Śląskich;90
1891;Armii Krajowej;43
1892;Bema;40
1893;Konopnickiej;90
1894;Nadbrzeżna;95
1895;Sportowa;71
1896;Krzywa;80
1897;Wiejska;84
1898;Chopina;98
1899;Szkolna;3
1900;Kolejowa;15
1901;Modrzewiowa;24
1902;Brzegowa;15
1903;Krucza;40
1904;Kościelna;6
1905;Fredry;84
1906;Spacerowa;43
1907;Strzelecka;7
1908;Żeromskiego;37
1909;Parkowa;92
1910;Piaskowa;61
1911;Piłsudskiego;70
1912;Podgórna;74
1913;Polna;37
1914;Powstańców Śląskich;54
1915;Roosevelta;82
1916;Rynek;28
1917;Skłodowskiej-Curie;67
1918;Słoneczna;62
1919;Sobieskiego;83
1920;Sosnowa;83
1921;Strzelecka;32
1922;Szkolna;9
1923;Sosnowa;85
1924;Mieszka I;34
1925;Rynek;97
1926;Reymonta;14
1927;Stolarska;5
1928;Wiejska;73
1929;Alabastrowa;21
1930;Fabryczna;50
1931;Piotrkowska;55
1932;Krakowska;95
1933;Piłsudskiego;1
1934;Mickiewicza;62
1935;Sienkiewicza;18
1936;25 Maja;41
1937;Wrocławska;47
1938;Jagiellońska;53
1939;Główna;83
1940;Sobieskiego;61
1941;Warszawska;13
1942;Warszawska;62
1943;Lipowa;80
1944;Kwiatowa;44
1945;Brzozowa;96
1946;Słoneczna;30
1947;Akacjowa;33
1948;Piaskowa;70
1949;Ogrodowa;39
1950;Parkowa;11
1951;Wiśniowa;83
1952;Dębowa;85
1953;Topolowa;97
1954;Łąkowa;23
1955;Wąska;21
1956;Zielona;1
1957;Leśna;79
1958;Kościuszki;27
1959;Mikołajczyka;6
1960;Armii Krajowej;77
1961;Konopnickiej;45
1962;Fabryczna;91
1963;Sportowa;50
1964;Krzywa;19
1965;Wiejska;58
1966;Chopina;71
1967;Kolejowa;56
1968;Modrzewiowa;8
1969;Białostocka;63
1970;Graniczna;40
1971;Klonowa;28
1972;Brzegowa;73
1973;Kościelna;29
1974;Zamkowa;92
1975;Fredry;9
1976;Dolna;99
1977;Reja;17
1978;Spacerowa;73
1979;Ogrodowa;21
1980;Parkowa;7
1981;Piotrkowska;91
1982;Podgórna;94
1983;Roosevelta;13
1984;Rynek;13
1985;Sienkiewicza;52
1986;Skłodowskiej-Curie;21
1987;Słoneczna;27
1988;Strzelecka;4
1989;Szkolna;55
1990;Mieszka I;42
1991;Rynek;75
1992;Rynek;38
1993;Stolarska;69
1994;Wiejska;6
1995;Chabrowa;4
1996;Kilińskiego;13
1997;Piotrkowska;37
1998;Krakowska;55
1999;Grunwaldzka;85
2000;Mickiewicza;47
2001;Sienkiewicza;2
2002;26 Maja;88
2003;Wrocławska;100
2004;Jagiellońska;67
2005;Główna;45
2006;Warszawska;35
2007;Warszawska;36
2008;Warszawska;21
2009;Lipowa;8
2010;Kwiatowa;64
2011;Brzozowa;11
2012;Akacjowa;83
2013;Piaskowa;57
2014;Ogrodowa;82
2015;Parkowa;94
2016;Sosnowa;71
2017;Wiśniowa;68
2018;Topolowa;56
2019;Łąkowa;77
2020;Wąska;85
2021;Zielona;18
2022;Leśna;25
2023;Skłodowskiej-Curie;94
2024;Powstańców Śląskich;63
2025;Armii Krajowej;3
2026;Bema;63
2027;Nadbrzeżna;22
2028;Sportowa;25
2029;Krzywa;24
2030;Chopina;17
2031;Kolejowa;79
2032;Modrzewiowa;58
2033;Białostocka;79
2034;Sądowa;13
2035;Klonowa;75
2036;Brzegowa;54
2037;Kościelna;58
2038;Podgórna;16
2039;Zamkowa;18
2040;Fredry;26
2041;Dolna;81
2042;Reja;10
2043;Spacerowa;53
2044;Strzelecka;31
2045;Żeromskiego;99
2046;Ogrodowa;9
2047;Paderewskiego;31
2048;Parkowa;11
2049;Piotrkowska;77
2050;Podgórna;20
2051;Polna;45
2052;Powstańców Śląskich;5
2053;Roosevelta;52
2054;Skłodowskiej-Curie;13
2055;Sobieskiego;87
2056;Mieszka I;61
2057;Słoneczna;4
2058;Reymonta;54
2059;Stolarska;21
2060;Wiejska;5
2061;Chabrowa;44
2062;Plater;96
2063;Fabryczna;31
2064;Kilińskiego;56
2065;Krakowska;100
2066;Piłsudskiego;49
2067;Mickiewicza;52
2068;27 Maja;55
2069;Warszawska;44
2070;Wrocławska;13
2071;Główna;27
2072;Paderewskiego;8
2073;Warszawska;3
2074;Warszawska;80
2075;Lipowa;6
2076;Kwiatowa;31
2077;Brzozowa;33
2078;Akacjowa;43
2079;Parkowa;100
2080;Sosnowa;99
2081;Polna;49
2082;Dębowa;72
2083;Topolowa;74
2084;Łąkowa;18
2085;Cicha;57
2086;Zielona;99
2087;Leśna;17
2088;Kościuszki;83
2089;Mikołajczyka;94
2090;Skłodowskiej-Curie;68
2091;Powstańców Śląskich;45
2092;Armii Krajowej;44
2093;Konopnickiej;74
2094;Krótka;32
2095;Nadbrzeżna;91
2096;Krzywa;7
2097;Wiejska;62
2098;Chopina;97
2099;Szkolna;17
2100;Kolejowa;98
2101;Białostocka;10
2102;Graniczna;31
2103;Sądowa;22
2104;Kościelna;57
2105;Podgórna;29
2106;Zamkowa;19
2107;Reja;72
2108;Strzelecka;84
2109;Żeromskiego;23
2110;Ogrodowa;38
2111;Parkowa;56
2112;Piaskowa;47
2113;Piłsudskiego;96
2114;Piotrkowska;48
2115;Podgórna;94
2116;Polna;44
2117;Powstańców Śląskich;65
2118;Reja;12
2119;Roosevelta;29
2120;Sądowa;10
2121;Sienkiewicza;81
2122;Spacerowa;23
2123;Sportowa;51
2124;Strzelecka;83
2125;Szkolna;9
2126;Słoneczna;54
2127;Rynek;90
2128;Reymonta;72
2129;Stolarska;70
2130;Alabastrowa;98
2131;Chabrowa;56
2132;Plater;45
2133;Fabryczna;19
2134;Kilińskiego;90
2135;Krakowska;4
2136;Grunwaldzka;31
2137;Piłsudskiego;42
2138;Mickiewicza;24
2139;Sienkiewicza;39
2140;28 Maja;61
2141;Warszawska;91
2142;Wrocławska;72
2143;Jagiellońska;90
2144;Główna;65
2145;Paderewskiego;89
2146;Kwiatowa;50
2147;Brzozowa;81
2148;Słoneczna;29
