wyp_id;nazwa_wyp;ulica_id;;super;Rowery
1;pegazoweUtopiaFire;1615;;dobre;Bikes
2;streetCrew;1059;;swietne;Jednoslady
3;swietneUp;355;;wspaniale;Rowerki
4;szybkieBicykle;122;;eleganckie;Welycopedy
5;wheelieHire;1471;;tanie;Cyklopedy
6;tanieBikes;672;;ultra;Bicykle
7;dobreMaster;605;;ekstra;Tandemy
8;ostreSportZone;1226;;szybkie;Skladaki
9;ultraKolarzowki;1702;;turbo;Bmxy
10;spinPalace;2088;;predkie;Przygody
11;swietneHub;1426;;pro;Wypady
12;wspanialeFire;709;;ekskluzywne;Trasy
13;ultraRowerki;207;;wielkie;Skoki
14;wheelSportHub;1633;;ikoniczne;Wycieczki
15;wielkieCyklopedy;1493;;magiczne;Podroze
16;eksperckieBikeHub;673;;pegazowe;Doznania
17;gripVibes;844;;swiatowe;Przyjemnosci
18;predkieEvent;2124;;wiejskie;Wyscigi
19;ekstraUtopia;148;;eksperckie;Kolarzowki
20;swiatoweWypady;1174;;miejskie;Wigry
21;downhillWypady;672;;wheelie;Rent
22;miejskiePrzyjemnosci;379;;enduro;Hire
23;downhillSafari;480;;downhill;Fire
24;wiejskiePodroze;2062;;freeride;Up
25;wiejskieWyscigi;2060;;grip;Ride
26;dobreMoon;1368;;street;Zone
27;wiejskieSportHub;1557;;ostre;Works
28;wiejskieJednoslady;1390;;mocne;Crew
29;wielkieSharePoint;1335;;gear;Guys
30;wheelieRider;2013;;wheel;Spot
31;tanieCyklopedy;1538;;spin;Master
32;wspanialeHire;1018;;;Rider
33;predkieTrasy;1795;;;Club
34;swiatoweBicykle;803;;;Paradise
35;szybkieBikeHub;977;;;Sport
36;eksperckiePalace;398;;;Event
37;ostreSport;394;;;World
38;wheelieBicykle;1701;;;Hub
39;wheeliePodroze;368;;;Helmet
40;eksperckieWycieczki;1342;;;Palace
41;swietneWycieczki;1497;;;Express
42;streetRowerki;190;;;Rentals
43;wheelieWelycopedy;1745;;;Extreme
44;predkieSafari;1053;;;Share
45;miejskieCyklopedy;1522;;;Point
46;dobreSportHub;22;;;Safari
47;dobreWyscigi;1776;;;Utopia
48;magiczneJednoslady;1615;;;Moon
49;proBikes;696;;;BikeHub
50;dobreSpot;760;;;SportHub
51;dobreKolarzowki;132;;;ExtremeHub
52;gripParadise;2085;;;SafariRide
53;eleganckieUtopiaFire;610;;;CrewZone
54;dobreBiedronka;2031;;;WorldPalace
55;magiczneTandemy;1468;;;UtopiaFire
56;spinSportZone;616;;;SportZone
57;turboCyklopedy;1239;;;SharePoint
58;superExtremeHub;775;;;Vibes
59;wspanialeSportZone;1011;;;Biedronka
60;enduroPodroze;1182;;;
61;tanieRentals;339;;;
62;ekstraPrzyjemnosci;1970;;;
63;gearBmxy;125;;;
64;pegazoweHub;1260;;;
65;pegazoweSkladaki;1747;;;
66;wielkieBmxy;1435;;;
67;szybkieBicykle;2074;;;
68;mocneShare;1389;;;
69;eleganckieSkoki;1011;;;
70;enduroWyscigi;1815;;;
71;miejskieExtreme;644;;;
72;wiejskieSportZone;269;;;
73;wheelieHelmet;1881;;;
74;ultraBicykle;1535;;;
75;szybkieSharePoint;2068;;;
76;enduroUtopiaFire;2052;;;
77;wspanialeRent;828;;;
78;wspanialeMoon;2085;;;
79;swietneRide;1259;;;
80;ekskluzywneExpress;199;;;
81;szybkieClub;1625;;;
82;dobreExpress;130;;;
83;swietneRowery;1597;;;
84;wheelieClub;2130;;;
85;swietneEvent;1517;;;
86;swietneGuys;790;;;
87;tanieMoon;254;;;
88;superJednoslady;797;;;
89;freerideWorks;636;;;
90;gearSafari;1012;;;
91;wiejskiePodroze;1265;;;
92;gearPalace;1996;;;
93;pegazoweJednoslady;1060;;;
94;freerideParadise;1435;;;
95;predkiePalace;306;;;
96;szybkieHub;387;;;
97;mocneExpress;1892;;;
98;ikoniczneHire;2060;;;
99;miejskieUtopiaFire;1759;;;
100;ikoniczneExtremeHub;386;;;
101;streetWorldPalace;817;;;
102;eleganckieMoon;357;;;
103;tanieWorks;635;;;
104;ostreEvent;224;;;
105;magiczneKolarzowki;1095;;;
106;ostreRide;812;;;
107;turboSportZone;1620;;;
108;ekstraBikes;1938;;;
109;magiczneSharePoint;679;;;
110;predkieBiedronka;2117;;;
111;streetWorld;20;;;
112;freerideSharePoint;85;;;
113;wheelieHelmet;1978;;;
114;wheelClub;1042;;;
115;ikoniczneMaster;101;;;
116;ultraGuys;621;;;
117;wspanialeSport;86;;;
118;enduroHub;450;;;
119;eleganckieWypady;1031;;;
120;ekstraBiedronka;1963;;;
121;magiczneCrew;1624;;;
122;mocneRent;1441;;;
123;turboUtopia;961;;;
124;wheelMaster;373;;;
125;swietneBikeHub;1581;;;
126;magiczneWyscigi;361;;;
127;pegazowePrzyjemnosci;1665;;;
128;freerideHire;1412;;;
129;eleganckieSport;1565;;;
130;wielkieWorks;1756;;;
131;predkieMaster;1837;;;
132;proBicykle;1126;;;
133;gripEvent;349;;;
134;streetUtopiaFire;1225;;;
135;turboSkoki;982;;;
136;miejskieWycieczki;1568;;;
137;superExtremeHub;1962;;;
138;streetCyklopedy;394;;;
139;eksperckieHire;613;;;
140;szybkieExtremeHub;1976;;;
141;gripFire;1103;;;
142;ekskluzywneBikeHub;728;;;
143;gripWorks;1270;;;
144;swiatoweBmxy;530;;;
145;proPoint;238;;;
146;dobreWycieczki;365;;;
147;ikoniczneSportHub;891;;;
148;wheelBicykle;356;;;
149;ikoniczneRowerki;528;;;
150;ekstraGuys;1238;;;
151;ikoniczneSportZone;116;;;
152;pegazoweRider;999;;;
153;predkieKolarzowki;1965;;;
154;ostreCrewZone;724;;;
155;ostreHelmet;1229;;;
156;pegazoweSkladaki;776;;;
157;swiatoweWelycopedy;593;;;
158;gripSportHub;1985;;;
159;downhillRowery;1903;;;
160;swiatowePalace;1523;;;
161;ekskluzywneMaster;1776;;;
162;ekstraWorks;1206;;;
163;enduroWyscigi;1851;;;
164;swiatoweRentals;578;;;
165;swietneExtreme;942;;;
166;ultraRentals;1292;;;
167;ekstraSportHub;1014;;;
168;tanieSpot;723;;;
169;miejskieSafariRide;1738;;;
170;miejskieHire;1587;;;
171;pegazoweWigry;101;;;
172;ultraExtremeHub;73;;;
173;wielkieSkladaki;1328;;;
174;eleganckieShare;1445;;;
175;turboRowerki;1262;;;
176;enduroBikes;1186;;;
177;wiejskieVibes;223;;;
178;magiczneFire;1964;;;
179;superPodroze;1852;;;
180;dobreRider;1596;;;
181;wspanialeRowery;1599;;;
182;turboExtreme;486;;;
183;pegazoweWorks;1141;;;
184;pegazoweHub;196;;;
185;wheelieRowerki;1531;;;
186;miejskieShare;2088;;;
187;ekskluzywneDoznania;217;;;
188;wheelRentals;1275;;;
189;predkieCrew;573;;;
190;wheelieEvent;38;;;
191;proBmxy;1614;;;
192;eksperckieWigry;959;;;
193;wielkieRide;1514;;;
194;ekstraHire;383;;;
195;wielkieTrasy;795;;;
196;ostreCrewZone;1704;;;
197;wheelBmxy;472;;;
198;turboParadise;526;;;
199;ostreBikes;449;;;
200;ekstraHire;521;;;
201;superUtopia;429;;;
202;mocneWigry;2112;;;
203;dobreBmxy;401;;;
204;wspanialeRide;834;;;
205;turboDoznania;1027;;;
206;dobreSportZone;723;;;
207;downhillUtopiaFire;27;;;
208;superPalace;1138;;;
209;downhillHire;518;;;
210;enduroWorld;366;;;
211;wheelWelycopedy;2079;;;
212;proExpress;1765;;;
213;turboRowerki;805;;;
214;szybkieBikeHub;1164;;;
215;gripTandemy;150;;;
216;ultraRider;2078;;;
217;wheelSkoki;1152;;;
218;wiejskieParadise;556;;;
219;ekskluzywnePalace;74;;;
220;wheelSportZone;1575;;;
221;magiczneEvent;732;;;
222;gearUp;1530;;;
223;proExtremeHub;82;;;
224;mocneWorks;1187;;;
225;gripVibes;44;;;
226;wspanialeWyscigi;1265;;;
227;wheelieWycieczki;109;;;
228;magiczneHire;1243;;;
229;dobreZone;1220;;;
230;ikoniczneDoznania;893;;;
231;wheelCrew;1951;;;
232;ikoniczneSport;1828;;;
233;miejskieExtremeHub;1857;;;
234;eleganckieRider;787;;;
235;predkieEvent;778;;;
236;swietneRide;1174;;;
237;miejskieRentals;427;;;
238;pegazowePrzygody;2080;;;
239;ultraHire;1247;;;
240;swiatoweHire;980;;;
241;magiczneParadise;494;;;
242;wheelRent;1812;;;
243;eleganckieGuys;55;;;
244;mocneShare;1749;;;
245;proExtremeHub;1124;;;
246;freerideWypady;1428;;;
247;wspanialeDoznania;1211;;;
248;proUtopia;994;;;
249;miejskieRowerki;1690;;;
250;pegazoweBikes;237;;;
251;turboJednoslady;2056;;;
252;proHelmet;1666;;;
253;wielkieRider;1235;;;
254;ikoniczneUtopiaFire;1458;;;
255;szybkieFire;1200;;;
256;streetCrew;992;;;
257;miejskieHire;132;;;
258;ekskluzywneRider;365;;;
259;szybkieTrasy;741;;;
260;predkieRent;756;;;
261;spinVibes;581;;;
262;miejskieWypady;934;;;
263;tanieParadise;690;;;
264;streetBicykle;1922;;;
265;ekskluzywneHub;1455;;;
266;miejskieGuys;903;;;
267;eksperckieBicykle;10;;;
268;magiczneUp;76;;;
269;wheelieUp;1315;;;
270;miejskieWelycopedy;74;;;
271;wielkieParadise;1350;;;
272;magicznePrzygody;497;;;
273;wheelieKolarzowki;1817;;;
274;ostreRent;1386;;;
275;wheelieWycieczki;1929;;;
276;wiejskieEvent;249;;;
277;wspanialeHelmet;681;;;
278;ikoniczneSportHub;123;;;
279;superWycieczki;949;;;
280;magiczneFire;1687;;;
281;spinRowery;90;;;
282;superWelycopedy;162;;;
283;turboCrewZone;1547;;;
284;eleganckieGuys;601;;;
285;wspanialeSportHub;1773;;;
286;swiatoweMaster;586;;;
287;gripSkoki;1881;;;
288;turboHub;1659;;;
289;magiczneWypady;1734;;;
290;superUtopiaFire;485;;;
291;miejskieWorks;947;;;
292;ikoniczneSkoki;531;;;
293;magiczneSkoki;18;;;
294;dobreMoon;1461;;;
295;enduroShare;2111;;;
296;miejskieZone;740;;;
297;ostreWigry;1509;;;
298;dobreBikeHub;1068;;;
299;spinCyklopedy;1647;;;
300;wheeliePrzyjemnosci;1945;;;
301;tanieWelycopedy;1012;;;
302;wspanialeExtreme;1539;;;
303;ultraSkoki;42;;;
304;dobreBicykle;284;;;
305;pegazoweMaster;291;;;
306;enduroFire;1513;;;
307;dobreEvent;1089;;;
308;streetWycieczki;1537;;;
309;wiejskieExpress;748;;;
310;ekskluzywneFire;768;;;
311;downhillPrzygody;1414;;;
312;ikonicznePrzygody;1351;;;
313;gearGuys;1679;;;
314;eleganckieSharePoint;1651;;;
315;proBicykle;82;;;
316;miejskieMaster;1605;;;
317;tanieSharePoint;1955;;;
318;gearCrew;99;;;
319;szybkieJednoslady;121;;;
320;eksperckieExtreme;1962;;;
321;ekstraWyscigi;2010;;;
322;turboClub;575;;;
323;eksperckieWycieczki;146;;;
324;miejskieRowery;135;;;
325;gearMaster;682;;;
326;gearBikes;535;;;
327;turboFire;65;;;
328;gripTandemy;1046;;;
329;streetKolarzowki;2148;;;
330;tanieWypady;1284;;;
331;gripSportHub;1724;;;
332;gripHelmet;1424;;;
333;ostreVibes;1354;;;
334;gearPalace;107;;;
335;tanieHire;841;;;
336;ultraRentals;960;;;
337;eleganckieWigry;441;;;
338;gearWyscigi;741;;;
339;swietneDoznania;257;;;
340;pegazoweGuys;847;;;
341;wspanialeFire;1707;;;
342;downhillMaster;459;;;
343;wheelBmxy;612;;;
344;ultraMaster;1720;;;
345;predkiePrzygody;2114;;;
346;ostreWyscigi;1297;;;
347;downhillSkoki;192;;;
348;freerideWypady;780;;;
349;gripBicykle;1650;;;
350;miejskieSportHub;1034;;;
351;wheelSkoki;398;;;
352;superSafariRide;1606;;;
353;wiejskieTandemy;489;;;
354;proGuys;2090;;;
355;proHire;809;;;
356;wheelieHire;846;;;
357;wiejskieSafari;1988;;;
358;spinSportZone;1332;;;
359;ikoniczneWorld;599;;;
360;eksperckieRowerki;2011;;;
361;enduroWycieczki;1600;;;
362;gearWigry;94;;;
363;wspanialeVibes;179;;;
364;enduroBikeHub;71;;;
365;szybkiePrzyjemnosci;2085;;;
366;wspanialeGuys;1038;;;
367;ekskluzywneSpot;1544;;;
368;gearEvent;51;;;
369;ekskluzywneShare;1903;;;
370;swietneRowery;1486;;;
371;downhillWycieczki;194;;;
372;wspanialeWypady;891;;;
373;wiejskieClub;579;;;
374;wielkieTandemy;357;;;
375;ekskluzywneSkoki;1615;;;
376;swietneTandemy;774;;;
377;wheelGuys;1389;;;
378;magicznePoint;1164;;;
379;freerideRide;421;;;
380;ikoniczneWyscigi;1147;;;
381;superSharePoint;1617;;;
382;wheelExtremeHub;1656;;;
383;ostreSport;952;;;
384;superSkoki;1660;;;
385;ekskluzywneRowery;747;;;
386;dobreBmxy;209;;;
387;swiatoweSportZone;785;;;
388;wheelieSport;870;;;
389;wielkieCrew;401;;;
390;mocneUp;358;;;
391;streetDoznania;249;;;
392;wheelieBicykle;365;;;
393;wheelieHire;1909;;;
394;dobreSportHub;803;;;
395;streetSportZone;115;;;
396;gearPoint;1400;;;
397;wheelSportHub;550;;;
398;wheelieTrasy;1500;;;
399;mocneBikeHub;1555;;;
400;wielkieMoon;437;;;
401;spinJednoslady;64;;;
402;proHub;608;;;
403;freerideJednoslady;236;;;
404;wheelCyklopedy;1360;;;
405;szybkieSportHub;1369;;;
406;superBiedronka;2020;;;
407;enduroGuys;59;;;
408;szybkieExtremeHub;122;;;
409;wielkieVibes;1492;;;
410;ostreWelycopedy;1976;;;
411;wheelieExpress;1795;;;
412;pegazowePrzyjemnosci;385;;;
413;szybkieBmxy;2097;;;
414;miejskieSkladaki;748;;;
415;mocneGuys;165;;;
416;proRent;867;;;
417;gearWigry;555;;;
418;szybkieUtopiaFire;608;;;
419;proWigry;1292;;;
420;predkieJednoslady;2028;;;
421;freerideSkladaki;977;;;
422;mocneCyklopedy;1884;;;
423;magiczneHub;2114;;;
424;freerideWelycopedy;1885;;;
425;ikoniczneHub;506;;;
426;mocneSportZone;2009;;;
427;superDoznania;336;;;
428;wheelieBiedronka;1574;;;
429;freerideUp;1798;;;
430;superSafariRide;1630;;;
431;ikoniczneWigry;557;;;
432;wielkieWorld;1847;;;
433;swiatoweRowerki;979;;;
434;ostreWelycopedy;1385;;;
435;eksperckieBikes;1571;;;
436;wielkieSportZone;1402;;;
437;eksperckieBiedronka;1089;;;
438;miejskieDoznania;644;;;
439;gearKolarzowki;1640;;;
440;wheelClub;1861;;;
441;wheelWycieczki;123;;;
442;eksperckieEvent;1737;;;
443;downhillSpot;1354;;;
444;mocneWorks;100;;;
445;dobreFire;816;;;
446;freerideFire;952;;;
447;ultraKolarzowki;326;;;
448;wspanialeSportZone;1174;;;
449;spinWorks;1435;;;
450;spinPrzygody;1642;;;
451;tanieSkoki;486;;;
452;eleganckieUtopia;1465;;;
453;downhillSportZone;300;;;
454;wielkieZone;609;;;
455;freerideWypady;924;;;
456;ekstraSport;1110;;;
457;predkieVibes;529;;;
458;swietneBikeHub;820;;;
459;gearShare;139;;;
460;proBikeHub;798;;;
461;magiczneZone;268;;;
462;swietneSportZone;1318;;;
463;gearHire;1902;;;
464;freerideBmxy;192;;;
465;ekskluzywneCyklopedy;255;;;
466;gearCrewZone;271;;;
467;enduroRowerki;1364;;;
468;freerideWorks;1792;;;
469;ekstraTandemy;900;;;
470;turboPoint;1371;;;
471;streetWorks;1880;;;
472;ikonicznePrzygody;1272;;;
473;ultraHub;759;;;
474;ostreMaster;1893;;;
475;proRide;1702;;;
476;eleganckieRide;83;;;
477;streetCyklopedy;904;;;
478;swietneWigry;1739;;;
479;wspanialeExpress;1065;;;
480;tanieRowery;705;;;
481;wielkieExtreme;1777;;;
482;gearShare;1914;;;
483;swiatoweSharePoint;920;;;
484;superExpress;1807;;;
485;streetFire;1180;;;
486;ekstraParadise;1669;;;
487;ikoniczneGuys;1443;;;
488;wspanialeUtopiaFire;1730;;;
489;proBiedronka;303;;;
490;downhillBikeHub;1546;;;
491;ikoniczneRent;1721;;;
492;magiczneCrewZone;1961;;;
493;gripSportZone;816;;;
494;ekskluzywneSharePoint;1947;;;
495;dobreUp;470;;;
496;superUtopiaFire;802;;;
497;eleganckiePrzyjemnosci;133;;;
498;turboBmxy;1695;;;
499;superWypady;1407;;;
500;mocnePrzyjemnosci;1156;;;
501;downhillSportHub;611;;;
502;magiczneZone;1191;;;
503;tanieWelycopedy;1673;;;
504;swiatoweSkladaki;162;;;
505;ikonicznePoint;1135;;;
506;predkieParadise;207;;;
507;proExtremeHub;1927;;;
508;proBiedronka;1528;;;
509;superRent;743;;;
510;swietneRentals;975;;;
511;superSafariRide;1411;;;
512;gripWycieczki;383;;;
513;eksperckieSafari;616;;;
514;spinSport;2121;;;
515;streetExpress;1623;;;
516;miejskieJednoslady;1925;;;
517;wielkiePoint;446;;;
518;wspanialeRentals;356;;;
519;ikoniczneSharePoint;90;;;
520;wheelieWorldPalace;250;;;
521;dobreParadise;1170;;;
522;proRowerki;852;;;
523;dobreBmxy;373;;;
524;downhillBicykle;715;;;
525;eleganckieSportHub;1940;;;
526;tanieZone;1759;;;
527;spinBicykle;124;;;
528;ultraPrzyjemnosci;363;;;
529;freerideRowery;1660;;;
530;gripSkladaki;1323;;;
531;eleganckieClub;1634;;;
532;magicznePrzygody;1145;;;
533;downhillBicykle;777;;;
534;ekskluzywneBmxy;1348;;;
535;wheelRentals;736;;;
536;predkieRowerki;1954;;;
537;magiczneSpot;1740;;;
538;ostreExtreme;1826;;;
539;proWigry;1087;;;
540;wspanialeSafari;1034;;;
541;ostreWorks;1528;;;
542;ekstraExtremeHub;1233;;;
543;ekskluzywnePrzyjemnosci;1373;;;
544;eleganckiePodroze;737;;;
545;gripBikeHub;812;;;
546;ekskluzywneSafari;2015;;;
547;enduroPrzyjemnosci;1663;;;
548;miejskieWigry;1173;;;
549;pegazowePalace;180;;;
550;magiczneRowery;2050;;;
551;miejskieHire;1826;;;
552;wheelieSpot;779;;;
553;eleganckieSharePoint;2059;;;
554;wspanialeRent;411;;;
555;mocneSkladaki;233;;;
556;pegazoweWelycopedy;1194;;;
557;enduroUp;341;;;
558;predkieSkladaki;1454;;;
559;wiejskieRent;1385;;;
560;wielkieCrewZone;1868;;;
561;ostreCrewZone;808;;;
562;ikoniczneTandemy;1001;;;
563;tanieWypady;1918;;;
564;proPodroze;1328;;;
565;downhillPodroze;1631;;;
566;wiejskieParadise;2020;;;
567;ekskluzywneTandemy;449;;;
568;superUtopiaFire;1600;;;
569;wielkieWelycopedy;4;;;
570;magiczneWycieczki;1446;;;
571;ikoniczneEvent;183;;;
572;enduroRowery;154;;;
573;swietneSportZone;767;;;
574;gripExpress;596;;;
575;swietneHelmet;1897;;;
576;tanieMaster;275;;;
577;ekskluzywneSafariRide;538;;;
578;proBmxy;904;;;
579;downhillEvent;2112;;;
580;dobreExtremeHub;468;;;
581;streetCrewZone;243;;;
582;wspanialeWorks;1425;;;
583;miejskieHelmet;157;;;
584;pegazoweWorld;326;;;
585;turboCrew;2036;;;
586;gearEvent;580;;;
587;swietnePrzygody;908;;;
588;mocneShare;1059;;;
589;streetSkoki;1634;;;
590;szybkieShare;1847;;;
591;swietneBiedronka;1534;;;
592;proPrzygody;457;;;
593;wielkieVibes;1093;;;
594;swiatoweSharePoint;1958;;;
595;miejskieWorldPalace;2106;;;
596;ikoniczneCyklopedy;525;;;
597;wielkieRowery;2064;;;
598;miejskiePodroze;908;;;
599;miejskieFire;2137;;;
600;szybkieParadise;1947;;;
601;wheelHire;1270;;;
602;predkieSharePoint;2099;;;
603;wspanialeWorld;690;;;
604;magiczneHub;1378;;;
605;wiejskieCrewZone;684;;;
606;superExtreme;1245;;;
607;streetBikes;927;;;
608;szybkieSharePoint;1812;;;
609;ekstraUtopiaFire;388;;;
610;ekstraRowerki;1947;;;
611;wheelieWorld;489;;;
612;ostreUtopia;1831;;;
613;downhillPrzygody;686;;;
614;enduroRider;743;;;
615;spinZone;1534;;;
616;ultraParadise;995;;;
617;miejskieTandemy;825;;;
618;downhillSkladaki;1513;;;
619;ostreExpress;2132;;;
620;wielkieWorldPalace;1383;;;
621;swietneBiedronka;1861;;;
622;miejskieCyklopedy;1937;;;
623;wspanialePoint;746;;;
624;ekstraMaster;1457;;;
625;spinParadise;1190;;;
626;dobreWorks;955;;;
627;wiejskieUtopiaFire;432;;;
628;miejskieWorldPalace;1025;;;
629;dobreBikes;1837;;;
630;wiejskieRide;646;;;
631;ekstraSafari;1071;;;
632;wielkiePalace;1430;;;
633;swiatoweMaster;807;;;
634;gearBiedronka;229;;;
635;gearPrzyjemnosci;438;;;
636;predkieMaster;166;;;
637;dobreBikeHub;1804;;;
638;szybkieWorldPalace;1926;;;
639;gripClub;1765;;;
640;wiejskieBicykle;568;;;
641;predkieWelycopedy;352;;;
642;streetUtopia;1692;;;
643;spinHub;1070;;;
644;ekstraWorks;963;;;
645;tanieBikes;1109;;;
646;swietneRider;1591;;;
647;downhillPodroze;101;;;
648;swiatoweClub;553;;;
649;swietneWyscigi;1238;;;
650;gripExpress;937;;;
651;downhillZone;471;;;
652;swiatoweParadise;547;;;
653;magiczneWelycopedy;1446;;;
654;wheelieCrew;279;;;
655;magiczneShare;828;;;
656;ekskluzywneTandemy;1921;;;
657;eleganckieSkladaki;491;;;
658;swietneCyklopedy;1;;;
659;tanieTrasy;510;;;
660;streetSportHub;479;;;
661;ostreSportHub;590;;;
662;wheelieWorldPalace;1092;;;
663;downhillSportZone;318;;;
664;miejskieWypady;229;;;
665;szybkieSportHub;1683;;;
666;szybkieSport;1131;;;
667;proWypady;1615;;;
668;eksperckieBmxy;1932;;;
669;mocneBikes;1139;;;
670;downhillClub;828;;;
671;predkieRide;1271;;;
672;spinJednoslady;302;;;
673;turboSpot;905;;;
674;turboPoint;1456;;;
675;turboWigry;664;;;
676;enduroCrew;820;;;
677;wiejskieTrasy;1971;;;
678;eksperckieFire;2045;;;
679;miejskieWyscigi;689;;;
680;szybkieJednoslady;522;;;
681;swiatoweBikeHub;517;;;
682;eleganckieTandemy;2050;;;
683;turboSafariRide;1240;;;
684;mocneParadise;1476;;;
685;dobreWorks;677;;;
686;ikoniczneCrew;562;;;
687;dobreRowerki;1816;;;
688;swietnePoint;1325;;;
689;eksperckieUtopiaFire;1574;;;
690;pegazoweUp;1575;;;
691;dobreRent;264;;;
692;predkieHire;2072;;;
693;miejskiePalace;178;;;
694;freerideSpot;274;;;
695;turboFire;1782;;;
696;eksperckieUtopiaFire;1807;;;
697;ostreSport;1618;;;
698;proSafari;1188;;;
699;proWorld;1806;;;
700;swietneSkoki;1999;;;
701;streetSharePoint;667;;;
702;wheelWorldPalace;1658;;;
703;ekskluzywneExtremeHub;650;;;
704;eksperckieWycieczki;456;;;
705;downhillSportZone;372;;;
706;wheelSkladaki;1301;;;
707;dobreVibes;1616;;;
708;turboClub;1642;;;
709;gearZone;968;;;
710;tanieFire;19;;;
711;proPalace;1596;;;
712;ikoniczneRide;1827;;;
713;spinHelmet;403;;;
714;eksperckieClub;1136;;;
715;miejskieRide;492;;;
716;tanieRent;1569;;;
717;freerideCyklopedy;447;;;
718;miejskieCyklopedy;891;;;
719;ekskluzywneBikeHub;1578;;;
720;miejskieSportZone;1991;;;
721;freerideParadise;1387;;;
722;tanieWigry;1040;;;
723;ekstraPodroze;633;;;
724;wiejskieWyscigi;873;;;
725;ekstraBmxy;2058;;;
726;pegazoweSport;2068;;;
727;eleganckieRowery;1846;;;
728;magiczneClub;837;;;
729;magiczneWycieczki;692;;;
730;swietneEvent;1288;;;
731;szybkieKolarzowki;1960;;;
732;wielkieWigry;1950;;;
733;dobreBikeHub;1133;;;
734;ultraUtopiaFire;19;;;
735;ultraSpot;759;;;
736;ultraMoon;1656;;;
737;swiatoweBiedronka;1749;;;
738;eksperckieSportZone;1623;;;
739;wielkieWypady;72;;;
740;tanieWorld;798;;;
741;streetEvent;2067;;;
742;dobreExtreme;1558;;;
743;swietneWigry;1877;;;
744;ikoniczneShare;1160;;;
745;spinSafariRide;1834;;;
746;pegazoweRide;956;;;
747;eksperckieTrasy;344;;;
748;spinWycieczki;242;;;
749;pegazoweSportZone;690;;;
750;gearVibes;1477;;;
751;miejskieVibes;1908;;;
752;freerideFire;1249;;;
753;wspanialeFire;1766;;;
754;mocneWypady;1095;;;
755;gearPalace;1121;;;
756;szybkieSafari;382;;;
757;eksperckieVibes;512;;;
758;swietneWypady;1084;;;
759;predkieCyklopedy;851;;;
760;swiatoweBmxy;900;;;
761;szybkieSport;1852;;;
762;streetHub;2007;;;
763;gearWelycopedy;511;;;
764;gripSafariRide;327;;;
765;gearHire;934;;;
766;predkieWigry;114;;;
767;tanieSportZone;1602;;;
768;proZone;711;;;
769;ikonicznePrzyjemnosci;393;;;
770;superRider;1272;;;
771;tanieSportZone;335;;;
772;gearRent;2056;;;
773;gripBikes;556;;;
774;dobreSportZone;724;;;
775;ekskluzywneHub;783;;;
776;gripExtreme;1705;;;
777;freerideUtopiaFire;1183;;;
778;eksperckiePoint;383;;;
779;wspanialeRowerki;1050;;;
780;wspanialeMaster;1591;;;
781;streetCrew;885;;;
782;gearBicykle;2081;;;
783;pegazowePrzygody;362;;;
784;wielkieWelycopedy;1529;;;
785;eleganckieWigry;701;;;
786;gearWigry;2119;;;
787;swiatoweRentals;818;;;
788;wspanialeCrewZone;770;;;
789;pegazoweWorld;1136;;;
790;miejskieRowery;922;;;
791;wspanialeWigry;69;;;
792;downhillSkladaki;1524;;;
793;gearSkladaki;2096;;;
794;tanieCrew;1221;;;
795;enduroWyscigi;628;;;
796;freerideSafari;1327;;;
797;proSpot;1212;;;
798;ekskluzywneCyklopedy;176;;;
799;ultraSkoki;1594;;;
800;ikoniczneParadise;1498;;;
801;swiatoweTrasy;982;;;
802;mocneSafari;553;;;
803;szybkieHire;957;;;
804;magicznePoint;1509;;;
805;superUp;1746;;;
806;szybkieHub;1705;;;
807;pegazoweWypady;837;;;
808;wiejskieUtopiaFire;355;;;
809;wspanialeWorldPalace;1239;;;
810;gearBiedronka;554;;;
811;swiatoweClub;2028;;;
812;eksperckieJednoslady;1613;;;
813;proSkoki;25;;;
814;eksperckieExpress;1079;;;
815;pegazoweRide;1127;;;
816;ekskluzywneSpot;27;;;
817;mocneWyscigi;1685;;;
818;freerideSport;903;;;
819;spinParadise;1091;;;
820;tanieExpress;1269;;;
821;mocneWigry;1633;;;
822;downhillMoon;58;;;
823;wheelPrzyjemnosci;677;;;
824;magiczneWycieczki;139;;;
825;pegazoweBmxy;54;;;
826;wspanialeWorks;1704;;;
827;dobreSharePoint;752;;;
828;wheelieWyscigi;881;;;
829;miejskieCyklopedy;533;;;
830;eksperckiePodroze;21;;;
831;enduroWypady;1407;;;
832;pegazoweCyklopedy;525;;;
833;streetExtreme;251;;;
834;wielkieFire;2141;;;
835;gripWelycopedy;1325;;;
836;wiejskieMaster;545;;;
837;pegazoweRider;810;;;
838;wspanialeWorldPalace;1452;;;
839;ostreSafari;1427;;;
840;tanieSpot;737;;;
841;ekskluzywneUp;298;;;
842;magiczneEvent;342;;;
843;ekstraWorldPalace;1566;;;
844;magiczneRide;853;;;
845;predkieDoznania;438;;;
846;wielkieWelycopedy;1511;;;
847;szybkieBiedronka;1833;;;
848;downhillCrew;873;;;
849;eksperckieWypady;115;;;
850;ostreSport;1639;;;
851;proSafariRide;2083;;;
852;proRent;99;;;
853;miejskieSpot;1339;;;
854;wheelRowery;60;;;
855;ostreRowerki;470;;;
856;eleganckieRider;2063;;;
857;turboRowerki;1557;;;
858;enduroSport;60;;;
859;freerideWelycopedy;1176;;;
860;gripPrzygody;826;;;
861;predkieExtremeHub;1408;;;
862;eleganckieCrewZone;1561;;;
863;streetWyscigi;1283;;;
864;szybkieVibes;377;;;
865;downhillWycieczki;1165;;;
866;mocneWorks;1365;;;
867;ikoniczneUtopia;47;;;
868;wiejskieParadise;331;;;
869;wspanialeBmxy;1827;;;
870;enduroPoint;881;;;
871;wielkieExpress;759;;;
872;wiejskieRider;653;;;
873;ostreRentals;1374;;;
874;freerideRowerki;542;;;
875;dobreZone;1038;;;
876;ostreRentals;1674;;;
877;gripSport;498;;;
878;gearEvent;40;;;
879;gripZone;1462;;;
880;wheelieHub;1842;;;
881;pegazoweUtopiaFire;1440;;;
882;predkieFire;116;;;
883;gearTandemy;206;;;
884;magiczneFire;192;;;
885;freerideTandemy;1827;;;
886;turboSafari;809;;;
887;superTandemy;683;;;
888;ekstraSkoki;699;;;
889;eleganckiePalace;1374;;;
890;wheelieWigry;1007;;;
891;eleganckieKolarzowki;1008;;;
892;wspanialeEvent;1154;;;
893;tanieRowery;861;;;
894;ikoniczneSportHub;1827;;;
895;ekstraUp;1378;;;
896;proVibes;1798;;;
897;freerideWigry;514;;;
898;pegazoweCyklopedy;2132;;;
899;magiczneRowery;1726;;;
900;miejskieSportZone;1057;;;
901;magicznePoint;1434;;;
902;swietneWycieczki;1120;;;
903;dobreBikeHub;103;;;
904;predkieRide;1197;;;
905;wheeliePodroze;912;;;
906;spinSharePoint;1226;;;
907;predkieRentals;2028;;;
908;miejskieHelmet;1985;;;
909;ekskluzywneJednoslady;1740;;;
910;turboExpress;1266;;;
911;ostreRent;725;;;
912;superRider;1691;;;
913;eksperckiePoint;1833;;;
914;ultraMoon;566;;;
915;downhillZone;801;;;
916;ostreRide;163;;;
917;proVibes;228;;;
918;wiejskieWigry;1444;;;
919;freerideWelycopedy;712;;;
920;spinUp;1187;;;
921;wielkiePoint;1369;;;
922;ikonicznePoint;181;;;
923;miejskieWelycopedy;241;;;
924;eksperckieUtopiaFire;1147;;;
925;predkieGuys;1906;;;
926;turboEvent;9;;;
927;enduroTandemy;1359;;;
928;superKolarzowki;1391;;;
929;eksperckieSafari;1553;;;
930;dobreSportHub;1025;;;
931;ekskluzywneTrasy;1914;;;
932;predkiePrzygody;1146;;;
933;dobreShare;2035;;;
934;eleganckieSportZone;617;;;
935;szybkieEvent;2016;;;
936;swiatoweExpress;1806;;;
937;mocneSport;1150;;;
938;proParadise;386;;;
939;streetRentals;355;;;
940;swietneHelmet;1280;;;
941;eleganckieMoon;1805;;;
942;eleganckiePalace;571;;;
943;ikoniczneSkladaki;1276;;;
944;wielkieHelmet;1068;;;
945;mocneWorld;1318;;;
946;wiejskieRider;1730;;;
947;tanieBmxy;1904;;;
948;swiatoweSafari;546;;;
949;eksperckieHire;1799;;;
950;ekstraWigry;173;;;
951;miejskieHelmet;1653;;;
952;wiejskieBikeHub;439;;;
953;ostreWypady;1010;;;
954;freerideRide;2016;;;
955;wiejskieExtreme;2089;;;
956;ekstraEvent;29;;;
957;wielkieVibes;1;;;
958;gripSportHub;676;;;
959;magiczneWorks;2002;;;
960;enduroCrew;1121;;;
961;ostreHelmet;327;;;
962;szybkieWelycopedy;1897;;;
963;dobreRide;364;;;
964;ekstraWyscigi;1308;;;
965;tanieSport;497;;;
966;swiatoweCrew;2148;;;
967;freerideRentals;2023;;;
968;miejskieCrewZone;1100;;;
969;downhillRider;1439;;;
970;tanieWyscigi;1794;;;
971;miejskieSportZone;1842;;;
972;enduroFire;2133;;;
973;eleganckieCyklopedy;966;;;
974;gripTandemy;2007;;;
975;eleganckieBmxy;519;;;
976;ekstraRowery;2122;;;
977;ikoniczneUp;256;;;
978;swiatoweSport;1477;;;
979;ekstraTrasy;1012;;;
980;predkieSportZone;1787;;;
981;eksperckieTandemy;1932;;;
982;enduroKolarzowki;1795;;;
983;gripSkladaki;1126;;;
984;mocneDoznania;1419;;;
985;szybkieWycieczki;581;;;
986;predkieExpress;1472;;;
987;ekskluzywneBiedronka;171;;;
988;wheelSkladaki;761;;;
989;ekskluzywneWigry;684;;;
990;ultraDoznania;673;;;
991;spinPrzyjemnosci;1064;;;
992;streetSafari;1536;;;
993;wielkieUp;755;;;
994;spinHelmet;828;;;
995;swietneMoon;1761;;;
996;downhillTrasy;1515;;;
997;predkieZone;1737;;;
998;streetPrzygody;1392;;;
999;enduroWigry;1445;;;
1000;enduroSafariRide;519;;;
1001;miejskieWyscigi;1066;;;
1002;wiejskieUtopia;1970;;;
1003;ekskluzywneWycieczki;264;;;
1004;szybkieRide;2104;;;
1005;magiczneRider;820;;;
1006;gearSkladaki;984;;;
1007;ikoniczneSafariRide;469;;;
1008;mocneCyklopedy;431;;;
1009;ostreSportHub;1225;;;
1010;eksperckieHelmet;38;;;
1011;mocnePodroze;1972;;;
1012;predkiePrzyjemnosci;1650;;;
1013;ekstraHire;1300;;;
1014;swietneMoon;420;;;
1015;ikoniczneSafari;647;;;
1016;gripPodroze;221;;;
1017;gripGuys;1940;;;
1018;szybkieWorldPalace;459;;;
1019;freerideSpot;1940;;;
1020;pegazoweTrasy;950;;;
1021;superSkoki;1875;;;
1022;magiczneWorks;96;;;
1023;ikoniczneCrewZone;1214;;;
1024;swietneBiedronka;249;;;
1025;proPrzygody;403;;;
1026;swiatoweHelmet;1684;;;
1027;pegazoweWycieczki;454;;;
1028;turboBikeHub;509;;;
1029;ekskluzywneUtopiaFire;393;;;
1030;ekstraPoint;1329;;;
1031;swiatoweBmxy;1321;;;
1032;freerideClub;205;;;
1033;tanieRide;1003;;;
1034;pegazoweGuys;2139;;;
1035;wiejskieTandemy;1063;;;
1036;szybkieUtopia;762;;;
1037;wielkiePrzyjemnosci;1747;;;
1038;spinWelycopedy;949;;;
1039;szybkieClub;1681;;;
1040;wheelieSharePoint;1451;;;
1041;streetSport;282;;;
1042;swietneSportZone;828;;;
1043;pegazoweBikes;2004;;;
1044;gearExtreme;596;;;
1045;gripBikes;1409;;;
1046;szybkieSpot;2091;;;
1047;swiatoweExtreme;879;;;
1048;predkieSportHub;1451;;;
1049;magiczneExpress;1266;;;
1050;wheelRentals;625;;;
1051;turboRentals;1671;;;
1052;streetPoint;1818;;;
1053;superBiedronka;1404;;;
1054;enduroSkoki;1723;;;
1055;eleganckieBikes;1668;;;
1056;pegazoweSafari;1031;;;
1057;ekskluzywneUp;467;;;
1058;ekstraWypady;127;;;
1059;tanieSkoki;1107;;;
1060;spinHub;846;;;
1061;swiatoweMoon;637;;;
1062;miejskiePrzygody;2114;;;
1063;szybkieBicykle;1412;;;
1064;gripTrasy;345;;;
1065;predkieSafari;917;;;
1066;pegazoweSafari;379;;;
1067;wspanialeHub;545;;;
1068;superHire;584;;;
1069;magiczneFire;1621;;;
1070;pegazoweSportHub;131;;;
1071;mocneUtopiaFire;1876;;;
1072;enduroBicykle;1918;;;
1073;dobreRentals;770;;;
1074;ultraWycieczki;436;;;
1075;wiejskiePodroze;2045;;;
1076;ikoniczneRentals;931;;;
1077;predkieWigry;747;;;
1078;eksperckieSafari;269;;;
1079;mocneKolarzowki;904;;;
1080;spinSkladaki;479;;;
1081;proHire;686;;;
1082;mocneSkladaki;549;;;
1083;ekskluzywneExtreme;1466;;;
1084;mocneEvent;1614;;;
1085;szybkieDoznania;1891;;;
1086;wheelieSpot;1608;;;
1087;ostreSharePoint;1756;;;
1088;turboPoint;2033;;;
1089;eleganckieVibes;1427;;;
1090;turboPodroze;1722;;;
1091;szybkieRowery;847;;;
1092;ekskluzywneExtreme;569;;;
1093;streetWorld;1847;;;
1094;ekstraExtreme;675;;;
1095;gearPodroze;1811;;;
1096;freerideSport;2017;;;
1097;swiatoweSafariRide;2097;;;
1098;eksperckieRowerki;1787;;;
1099;proRowery;297;;;
1100;ekskluzywneRentals;1632;;;
1101;magiczneFire;1766;;;
1102;streetExpress;168;;;
1103;gearSkladaki;1971;;;
1104;dobreRent;964;;;
1105;eleganckieZone;1159;;;
1106;pegazoweRide;274;;;
1107;ekskluzywneSportHub;1848;;;
1108;swietneWorks;946;;;
1109;wheelieRent;1503;;;
1110;magiczneKolarzowki;1223;;;
1111;dobrePodroze;1558;;;
1112;spinUtopia;1770;;;
1113;wheelRide;726;;;
1114;swietnePalace;549;;;
1115;ekstraDoznania;1607;;;
1116;wielkieRider;2040;;;
1117;gripParadise;340;;;
1118;wheelieSafari;229;;;
1119;enduroVibes;1908;;;
1120;pegazoweWyscigi;1809;;;
1121;pegazoweSport;2140;;;
1122;eleganckieUtopiaFire;237;;;
1123;wielkieHelmet;656;;;
1124;superShare;1090;;;
1125;miejskiePodroze;306;;;
1126;downhillWypady;51;;;
1127;superExtreme;124;;;
1128;streetSkladaki;525;;;
1129;ekstraWigry;2015;;;
1130;mocnePrzyjemnosci;636;;;
1131;superSport;1171;;;
1132;dobreExpress;1569;;;
1133;wiejskieUp;2133;;;
1134;gearHub;1762;;;
1135;mocneWigry;563;;;
1136;szybkieRent;79;;;
1137;ekstraPodroze;1896;;;
1138;szybkieBicykle;1448;;;
1139;magiczneZone;680;;;
1140;turboHire;3;;;
1141;spinFire;1351;;;
1142;ikoniczneWorks;955;;;
1143;pegazoweExpress;409;;;
1144;ultraWycieczki;864;;;
1145;gripWypady;1097;;;
1146;ultraPrzygody;69;;;
1147;szybkieSharePoint;1391;;;
1148;pegazoweFire;1827;;;
1149;tanieWigry;393;;;
1150;tanieHub;220;;;
1151;streetWyscigi;671;;;
1152;swiatoweSpot;624;;;
1153;ikoniczneKolarzowki;1385;;;
1154;wspanialeHire;502;;;
1155;ostreGuys;1719;;;
1156;pegazoweSkoki;2111;;;
1157;spinCrewZone;334;;;
1158;downhillRentals;921;;;
1159;dobreCrew;335;;;
1160;swiatoweRide;1080;;;
1161;wheelUtopia;559;;;
1162;magiczneCrewZone;1394;;;
1163;enduroTrasy;1131;;;
1164;ostreRide;2135;;;
1165;spinHelmet;1612;;;
1166;ostreUtopia;1514;;;
1167;ikoniczneTrasy;1730;;;
1168;wspanialeCrewZone;321;;;
1169;streetCyklopedy;677;;;
1170;downhillRowerki;444;;;
1171;pegazowePrzygody;577;;;
1172;enduroHelmet;1107;;;
1173;downhillCrewZone;795;;;
1174;wheelieHelmet;2025;;;
1175;freerideZone;69;;;
1176;ostreExtremeHub;932;;;
1177;eksperckieSkladaki;1420;;;
1178;swietneUtopia;1075;;;
1179;wheelieRide;1371;;;
1180;dobrePodroze;879;;;
1181;downhillZone;1869;;;
1182;freerideSkladaki;267;;;
1183;dobreWycieczki;1098;;;
1184;ikoniczneGuys;1089;;;
1185;streetCrewZone;1443;;;
1186;spinSkladaki;2132;;;
1187;ostreSkoki;1707;;;
1188;wspanialeExtremeHub;496;;;
1189;wiejskieRowerki;997;;;
1190;streetPoint;1978;;;
1191;wheelieExpress;1465;;;
1192;ultraSafari;354;;;
1193;ikoniczneFire;885;;;
1194;wielkiePrzygody;1485;;;
1195;swiatoweBmxy;1977;;;
1196;wielkieHub;33;;;
1197;predkieRowery;1999;;;
1198;gripVibes;1235;;;
1199;ultraDoznania;572;;;
1200;magiczneBiedronka;190;;;
1201;eleganckieSkladaki;1783;;;
1202;enduroHire;1187;;;
1203;ekstraPoint;835;;;
1204;wheelieWorldPalace;1403;;;
1205;spinRowerki;1126;;;
1206;freerideFire;1140;;;
1207;swietneCyklopedy;586;;;
1208;streetSpot;125;;;
1209;szybkieGuys;1592;;;
1210;miejskieClub;1045;;;
1211;freerideTandemy;701;;;
1212;ikoniczneShare;1125;;;
1213;ekskluzywneWorld;164;;;
1214;tanieSharePoint;718;;;
1215;streetBiedronka;1100;;;
1216;szybkieSportZone;847;;;
1217;superEvent;1092;;;
1218;eleganckiePrzygody;1731;;;
1219;wspanialeEvent;1232;;;
1220;pegazoweExtreme;707;;;
1221;freerideSharePoint;336;;;
1222;miejskieShare;1558;;;
1223;tanieRowerki;1031;;;
1224;predkieTandemy;2083;;;
1225;wheelSport;1398;;;
1226;wspanialeRent;968;;;
1227;eleganckieClub;317;;;
1228;ekskluzywneSportZone;2073;;;
1229;proSharePoint;1572;;;
1230;swiatoweRider;1934;;;
1231;wspanialePodroze;1311;;;
1232;proClub;214;;;
1233;miejskiePodroze;603;;;
1234;ikoniczneHelmet;1655;;;
1235;superWycieczki;459;;;
1236;wheelWypady;2002;;;
1237;ekstraRentals;1717;;;
1238;gearFire;181;;;
1239;ikoniczneClub;583;;;
1240;magiczneCrew;1427;;;
1241;ikoniczneKolarzowki;305;;;
1242;tanieBikeHub;9;;;
1243;streetRider;2102;;;
1244;enduroExpress;246;;;
1245;pegazoweVibes;1380;;;
1246;gearHub;2027;;;
1247;swietneWorks;390;;;
1248;superSkladaki;978;;;
1249;pegazoweUp;828;;;
1250;proWycieczki;1302;;;
1251;ekstraPrzygody;1461;;;
1252;streetWigry;614;;;
1253;gearBikes;1874;;;
1254;eksperckieShare;1290;;;
1255;swietneBiedronka;1691;;;
1256;szybkieBicykle;1389;;;
1257;enduroPrzygody;1003;;;
1258;freerideEvent;2;;;
1259;wspanialeWigry;794;;;
1260;predkieSpot;1021;;;
1261;gearBikeHub;920;;;
1262;swiatowePalace;1221;;;
1263;downhillCrew;1981;;;
1264;spinCrewZone;186;;;
1265;mocneBicykle;1474;;;
1266;miejskiePoint;617;;;
1267;wielkiePodroze;1521;;;
1268;turboWyscigi;348;;;
1269;pegazoweShare;105;;;
1270;wheelUp;1158;;;
1271;freerideParadise;1622;;;
1272;dobreExtreme;1834;;;
1273;enduroPodroze;233;;;
1274;swietneBicykle;76;;;
1275;wspanialeWorldPalace;650;;;
1276;wheeliePalace;88;;;
1277;wheelieSport;1653;;;
1278;wheelKolarzowki;1527;;;
1279;gripSafari;67;;;
1280;swietneCrew;541;;;
1281;swiatoweBicykle;1712;;;
1282;swiatoweFire;877;;;
1283;turboZone;1433;;;
1284;swiatoweShare;23;;;
1285;streetPrzygody;1397;;;
1286;ikoniczneHub;1641;;;
1287;eleganckieRider;1868;;;
1288;streetSportHub;662;;;
1289;wielkieWorks;1377;;;
1290;predkieRider;1795;;;
1291;downhillJednoslady;1806;;;
1292;miejskieSkladaki;1367;;;
1293;enduroSpot;288;;;
1294;ikoniczneBikeHub;916;;;
1295;swiatoweShare;918;;;
1296;wheelWigry;678;;;
1297;wheelieEvent;802;;;
1298;turboSkoki;13;;;
1299;ekskluzywneCyklopedy;1122;;;
1300;eksperckieSkladaki;1440;;;
1301;wheelSafari;434;;;
1302;downhillRent;91;;;
1303;proSportHub;568;;;
1304;spinHub;1818;;;
1305;downhillDoznania;1250;;;
1306;wheelieHub;1619;;;
1307;wheelRide;1478;;;
1308;ultraWelycopedy;1963;;;
1309;magiczneSportHub;264;;;
1310;szybkieRider;171;;;
1311;miejskieGuys;1714;;;
1312;wspanialeSafari;542;;;
1313;ostreMaster;913;;;
1314;freerideRentals;634;;;
1315;pegazoweRowery;1707;;;
1316;proSafari;679;;;
1317;eleganckiePrzyjemnosci;1758;;;
1318;miejskieWycieczki;709;;;
1319;ikoniczneBikeHub;148;;;
1320;gripRowery;197;;;
1321;pegazoweWyscigi;1535;;;
1322;spinSafariRide;360;;;
1323;miejskieWorld;139;;;
1324;wiejskieSafariRide;725;;;
1325;superBikes;1208;;;
1326;predkieCyklopedy;1425;;;
1327;predkieWorks;1062;;;
1328;streetRowery;1839;;;
1329;wheelieRowery;277;;;
1330;ekskluzywneUtopia;1633;;;
1331;swiatoweUtopia;661;;;
1332;superWigry;812;;;
1333;spinPodroze;697;;;
1334;superBikes;1763;;;
1335;freerideJednoslady;879;;;
1336;gearExpress;1091;;;
1337;ekstraHub;222;;;
1338;magiczneWigry;1377;;;
1339;eksperckieSkladaki;1414;;;
1340;mocneHelmet;367;;;
1341;dobreWycieczki;1715;;;
1342;turboMaster;2017;;;
1343;tanieSkoki;1009;;;
1344;mocneFire;1543;;;
1345;swietneMaster;1634;;;
1346;freerideZone;165;;;
1347;tanieWyscigi;571;;;
1348;miejskieSport;1349;;;
1349;predkieHub;327;;;
1350;streetWorks;1021;;;
1351;pegazoweUp;1308;;;
1352;mocneWelycopedy;797;;;
1353;gripVibes;128;;;
1354;ekskluzywneSharePoint;1037;;;
1355;ostreRowery;1862;;;
1356;proBicykle;782;;;
1357;enduroSportZone;507;;;
1358;streetTrasy;615;;;
1359;spinMoon;150;;;
1360;gearRider;1337;;;
1361;wielkieHelmet;293;;;
1362;spinRent;1218;;;
1363;pegazoweRentals;1429;;;
1364;tanieRent;1496;;;
1365;ultraExtremeHub;866;;;
1366;eleganckiePoint;947;;;
1367;streetSharePoint;1480;;;
1368;gearSpot;643;;;
1369;pegazowePalace;605;;;
1370;enduroSportZone;118;;;
1371;ostreSkoki;1082;;;
1372;proSportHub;367;;;
1373;spinUp;1709;;;
1374;swiatoweBikes;291;;;
1375;miejskieMaster;91;;;
1376;dobreShare;818;;;
1377;ekstraWycieczki;495;;;
1378;wheelRentals;618;;;
1379;ekskluzywneJednoslady;75;;;
1380;ekskluzywneBikeHub;1248;;;
1381;proHire;1065;;;
1382;gearWypady;228;;;
1383;downhillRowerki;1502;;;
1384;wspanialeUtopia;1289;;;
1385;ekstraPalace;844;;;
1386;ikoniczneClub;794;;;
1387;pegazoweRent;1375;;;
1388;gearWigry;1230;;;
1389;superWypady;343;;;
1390;spinSharePoint;1063;;;
1391;freerideRowerki;1604;;;
1392;ekskluzywneRentals;122;;;
1393;wiejskiePalace;1091;;;
1394;mocneWorld;156;;;
1395;eksperckieBiedronka;1306;;;
1396;mocneSpot;28;;;
1397;spinFire;1664;;;
1398;ekstraRentals;1132;;;
1399;proSafari;1453;;;
1400;wheelUtopiaFire;1261;;;
1401;wheelieCrewZone;1599;;;
1402;streetRowery;1254;;;
1403;swietneBikes;393;;;
1404;superPoint;1980;;;
1405;ekskluzywneExtremeHub;707;;;
1406;gearRider;1816;;;
1407;streetWorldPalace;1111;;;
1408;downhillCrew;1994;;;
1409;gripRowerki;1838;;;
1410;wspanialeRowerki;241;;;
1411;wspanialeVibes;1329;;;
1412;ekskluzywneGuys;847;;;
1413;downhillWelycopedy;117;;;
1414;freerideRider;949;;;
1415;tanieHub;196;;;
1416;wheelieVibes;370;;;
1417;wheelieExpress;1460;;;
1418;spinJednoslady;1758;;;
1419;ostreSportZone;1502;;;
1420;pegazoweBicykle;1254;;;
1421;ekstraPalace;830;;;
1422;wiejskieHelmet;218;;;
1423;eleganckieWorld;1396;;;
1424;pegazoweShare;472;;;
1425;eksperckieUtopia;1473;;;
1426;enduroBikeHub;1506;;;
1427;tanieRowerki;693;;;
1428;ostreRent;1017;;;
1429;miejskieWorks;577;;;
1430;gearWelycopedy;485;;;
1431;wiejskieWypady;1319;;;
1432;ostreSportHub;835;;;
1433;wiejskieTandemy;1960;;;
1434;wielkieRide;115;;;
1435;wielkieRider;440;;;
1436;miejskieBiedronka;1302;;;
1437;miejskiePalace;1915;;;
1438;freerideSport;452;;;
1439;szybkieSafari;1611;;;
1440;szybkieSkladaki;1713;;;
1441;tanieHub;1923;;;
1442;magiczneSafariRide;331;;;
1443;streetZone;1165;;;
1444;swiatoweWyscigi;969;;;
1445;eksperckieBiedronka;1191;;;
1446;eksperckiePoint;303;;;
1447;wspanialeFire;1656;;;
1448;ekstraPalace;1835;;;
1449;ikoniczneRentals;814;;;
1450;miejskieShare;1834;;;
1451;ekstraSafari;331;;;
1452;spinTrasy;753;;;
1453;gripRider;50;;;
1454;ekskluzywneCyklopedy;1321;;;
1455;wiejskieHire;905;;;
1456;superJednoslady;128;;;
1457;swietneSharePoint;563;;;
1458;proSafari;382;;;
1459;wiejskieKolarzowki;1030;;;
1460;wheelWypady;215;;;
1461;superCrew;599;;;
1462;spinShare;1435;;;
1463;ostreBikeHub;905;;;
1464;wspanialePrzyjemnosci;23;;;
1465;ostreRentals;65;;;
1466;eksperckieSportZone;1443;;;
1467;wheelCyklopedy;114;;;
1468;pegazoweRowery;304;;;
1469;swietneRider;1393;;;
1470;gearRider;566;;;
1471;wiejskieSafari;1032;;;
1472;eleganckieSportHub;948;;;
1473;gearRent;22;;;
1474;spinShare;549;;;
1475;spinRentals;329;;;
1476;ekstraSkoki;978;;;
1477;streetGuys;1869;;;
1478;gripWelycopedy;1229;;;
1479;szybkieExtreme;1718;;;
1480;wheelRowery;1822;;;
1481;magiczneHub;603;;;
1482;wiejskieClub;2003;;;
1483;eleganckieWorldPalace;1157;;;
1484;eksperckieDoznania;880;;;
1485;ostrePrzygody;231;;;
1486;magiczneJednoslady;638;;;
1487;ostreHelmet;536;;;
1488;wheelieHub;151;;;
1489;tanieSkladaki;1214;;;
1490;wielkieRider;537;;;
1491;eleganckieSkladaki;2011;;;
1492;pegazoweSafariRide;1662;;;
1493;eksperckieRowery;470;;;
1494;eleganckieMaster;660;;;
1495;turboExtremeHub;529;;;
1496;pegazoweBiedronka;198;;;
1497;ekskluzywneHub;269;;;
1498;swiatoweGuys;1603;;;
1499;tanieSportHub;1882;;;
1500;ultraRowery;1425;;;
1501;superKolarzowki;338;;;
1502;miejskieWypady;1014;;;
1503;gearRent;1361;;;
1504;gearSpot;266;;;
1505;miejskieMaster;723;;;
1506;mocneCyklopedy;94;;;
1507;ekskluzywneWypady;1065;;;
1508;freerideBikes;1865;;;
1509;wheelSpot;1712;;;
1510;gearBmxy;1460;;;
1511;gripRide;835;;;
1512;miejskiePodroze;764;;;
1513;dobreSkoki;691;;;
1514;enduroSport;1060;;;
1515;ostreWelycopedy;1970;;;
1516;proUtopia;1704;;;
1517;wielkieClub;623;;;
1518;spinBmxy;1487;;;
1519;wheelMaster;586;;;
1520;miejskiePrzygody;788;;;
1521;superFire;1335;;;
1522;gripJednoslady;206;;;
1523;miejskieShare;196;;;
1524;miejskieFire;1984;;;
1525;pegazoweSafari;1490;;;
1526;wielkieSkoki;820;;;
1527;wheelieBmxy;1707;;;
1528;gearWorks;1708;;;
1529;ekskluzywneVibes;1350;;;
1530;freerideShare;1647;;;
1531;eksperckieSafari;649;;;
1532;eksperckieFire;734;;;
1533;szybkieWyscigi;540;;;
1534;freerideWycieczki;740;;;
1535;tanieZone;405;;;
1536;streetTandemy;1688;;;
1537;ostreClub;1881;;;
1538;pegazoweWorldPalace;919;;;
1539;wheelieRent;743;;;
1540;magiczneRowery;532;;;
1541;swiatoweKolarzowki;460;;;
1542;wielkieCrew;463;;;
1543;ostreParadise;705;;;
1544;freerideRowery;1553;;;
1545;wielkieMaster;1205;;;
1546;miejskieCrew;981;;;
1547;tanieWyscigi;390;;;
1548;streetSportZone;983;;;
1549;predkieWigry;106;;;
1550;eksperckieMoon;1382;;;
1551;pegazoweWorld;237;;;
1552;proParadise;223;;;
1553;eleganckieCrew;1506;;;
1554;wielkieEvent;385;;;
1555;dobreWorks;686;;;
1556;mocneDoznania;237;;;
1557;ostreRentals;721;;;
1558;gripFire;1680;;;
1559;wielkieRide;247;;;
1560;dobreRowerki;131;;;
1561;turboPrzyjemnosci;2036;;;
1562;enduroCrewZone;1241;;;
1563;tanieDoznania;61;;;
1564;swietneSportHub;1796;;;
1565;swietneWorks;164;;;
1566;gripBikes;612;;;
1567;wheelPrzygody;644;;;
1568;wheelExtremeHub;1097;;;
1569;mocneZone;997;;;
1570;eleganckieTrasy;361;;;
1571;dobreSport;5;;;
1572;eksperckieSportZone;406;;;
1573;predkieSkoki;83;;;
1574;ostreWorks;781;;;
1575;wspanialeUtopiaFire;1906;;;
1576;ikoniczneKolarzowki;406;;;
1577;ultraRowery;826;;;
1578;streetShare;1555;;;
1579;ultraBikeHub;1791;;;
1580;turboMaster;1516;;;
1581;magiczneBikeHub;1058;;;
1582;enduroExtremeHub;1580;;;
1583;ultraBmxy;1499;;;
1584;tanieBikeHub;1496;;;
1585;pegazowePrzygody;1772;;;
1586;ultraWigry;2048;;;
1587;gearExtreme;1330;;;
1588;wheelRent;578;;;
1589;taniePalace;1201;;;
1590;miejskieHub;272;;;
1591;wheelieMoon;1969;;;
1592;pegazoweHelmet;1381;;;
1593;magiczneUtopiaFire;1579;;;
1594;swiatoweHelmet;1481;;;
1595;freerideUp;1482;;;
1596;turboWyscigi;738;;;
1597;magiczneClub;197;;;
1598;magiczneUtopiaFire;1725;;;
1599;swiatoweRider;697;;;
1600;wiejskieMaster;1009;;;
1601;freerideExtreme;1837;;;
1602;tanieWigry;993;;;
1603;turboExpress;1025;;;
1604;turboBiedronka;877;;;
1605;wielkieSkoki;189;;;
1606;enduroEvent;1860;;;
1607;magiczneDoznania;554;;;
1608;downhillParadise;666;;;
1609;wielkieSkladaki;43;;;
1610;tanieWycieczki;404;;;
1611;streetTandemy;1019;;;
1612;tanieSafari;509;;;
1613;ultraVibes;1197;;;
1614;superSportHub;1214;;;
1615;spinBikeHub;638;;;
1616;downhillSportZone;1751;;;
1617;streetClub;583;;;
1618;streetUtopiaFire;1195;;;
1619;eleganckieExtremeHub;894;;;
1620;proPalace;662;;;
1621;miejskieWorks;1397;;;
1622;downhillCrewZone;644;;;
1623;swietneTrasy;1012;;;
1624;ekskluzywneSafari;1679;;;
1625;tanieJednoslady;1879;;;
1626;ikoniczneVibes;1415;;;
1627;wiejskieKolarzowki;273;;;
1628;wheelieVibes;1333;;;
1629;ekstraVibes;438;;;
1630;gripShare;920;;;
1631;ikoniczneSport;60;;;
1632;ultraWycieczki;778;;;
1633;wheelieWorks;1150;;;
1634;wheelJednoslady;361;;;
1635;spinZone;386;;;
1636;proSportZone;1697;;;
1637;ekstraBicykle;206;;;
1638;turboPrzygody;459;;;
1639;eleganckieRowery;1656;;;
1640;eleganckieWypady;35;;;
1641;ekstraBicykle;98;;;
1642;ultraCyklopedy;780;;;
1643;magiczneGuys;788;;;
1644;mocneExpress;171;;;
1645;miejskieMaster;2040;;;
1646;wielkieSkladaki;777;;;
1647;ekskluzywneSportHub;1455;;;
1648;wielkieCyklopedy;255;;;
1649;swiatoweGuys;332;;;
1650;ikoniczneWyscigi;1306;;;
1651;wiejskieWorks;106;;;
1652;wielkieWigry;1194;;;
1653;superDoznania;384;;;
1654;freerideZone;1363;;;
1655;ekstraWorld;583;;;
1656;miejskieDoznania;1092;;;
1657;ikoniczneMoon;662;;;
1658;turboUtopiaFire;688;;;
1659;eleganckieSkoki;745;;;
1660;swiatoweCyklopedy;1875;;;
1661;streetGuys;152;;;
1662;freerideExpress;437;;;
1663;ikoniczneRent;348;;;
1664;superPalace;780;;;
1665;eksperckieHire;1137;;;
1666;ostreWelycopedy;486;;;
1667;freerideTandemy;1376;;;
1668;proGuys;831;;;
1669;ekskluzywneHelmet;844;;;
1670;predkiePodroze;696;;;
1671;gripFire;234;;;
1672;mocneSharePoint;1678;;;
1673;wiejskieHelmet;1367;;;
1674;freerideMoon;1772;;;
1675;streetClub;1787;;;
1676;freerideUtopiaFire;990;;;
1677;gearRowerki;1439;;;
1678;dobreRide;1223;;;
1679;wspanialeRentals;1543;;;
1680;proTandemy;1462;;;
1681;superRider;1127;;;
1682;enduroKolarzowki;1904;;;
1683;swietneSpot;515;;;
1684;eksperckieWyscigi;333;;;
1685;ikoniczneWelycopedy;1767;;;
1686;eksperckieHire;1467;;;
1687;eksperckieExpress;706;;;
1688;turboWorld;284;;;
1689;mocneSkladaki;1277;;;
1690;gearBikes;1779;;;
1691;enduroCrew;1505;;;
1692;wheelieRider;570;;;
1693;wheelRentals;351;;;
1694;wiejskieClub;1117;;;
1695;wheelieExpress;1554;;;
1696;eleganckieKolarzowki;259;;;
1697;ikoniczneZone;1404;;;
1698;mocneBikes;862;;;
1699;szybkieSpot;1751;;;
1700;spinUp;553;;;
1701;predkieSpot;1934;;;
1702;proRide;1425;;;
1703;wheelKolarzowki;1772;;;
1704;freerideCyklopedy;1352;;;
1705;proWelycopedy;1652;;;
1706;eksperckieFire;235;;;
1707;enduroUtopia;1669;;;
1708;gripFire;486;;;
1709;gearUtopia;617;;;
1710;mocneRent;1349;;;
1711;miejskieGuys;1244;;;
1712;spinRentals;804;;;
1713;wheelSafariRide;223;;;
1714;gripWorld;557;;;
1715;swiatowePalace;1309;;;
1716;proTandemy;655;;;
1717;eleganckiePodroze;270;;;
1718;mocneMaster;905;;;
1719;wheelieZone;1992;;;
1720;gearWigry;227;;;
1721;predkieWypady;995;;;
1722;ekskluzywneSport;418;;;
1723;eleganckieWypady;1976;;;
1724;mocneBicykle;1105;;;
1725;pegazoweBikeHub;1833;;;
1726;swietneWorld;78;;;
1727;spinPrzygody;814;;;
1728;enduroSkladaki;1917;;;
1729;eksperckieUp;1671;;;
1730;streetTrasy;2013;;;
1731;gearMaster;590;;;
1732;wspanialeRowerki;1969;;;
1733;gearShare;324;;;
1734;swietneWigry;456;;;
1735;ostreVibes;1140;;;
1736;szybkieBikeHub;1500;;;
1737;ultraEvent;1904;;;
1738;szybkieSportZone;1506;;;
1739;ikoniczneMoon;670;;;
1740;wiejskieSportHub;1717;;;
1741;eleganckieCyklopedy;750;;;
1742;miejskieVibes;1599;;;
1743;wielkieVibes;688;;;
1744;eksperckieBiedronka;1532;;;
1745;wheelMoon;1495;;;
1746;gearPoint;2000;;;
1747;freerideFire;1764;;;
1748;magiczneWypady;856;;;
1749;mocneExtremeHub;1928;;;
1750;wiejskieHelmet;59;;;
1751;ekskluzywneSportHub;1050;;;
1752;swietneWypady;522;;;
1753;dobreKolarzowki;126;;;
1754;eksperckiePodroze;1539;;;
1755;pegazoweTandemy;413;;;
1756;predkieBikes;807;;;
1757;magiczneFire;1545;;;
1758;wspanialeRide;1461;;;
1759;turboWorks;1523;;;
1760;pegazoweMaster;1506;;;
1761;wspanialeKolarzowki;700;;;
1762;gripEvent;1963;;;
1763;wielkieHire;1486;;;
1764;mocneWypady;327;;;
1765;wielkieMaster;450;;;
1766;gearWelycopedy;845;;;
1767;ultraSafari;1049;;;
1768;wheelClub;923;;;
1769;eleganckieCrew;1160;;;
1770;miejskieWorld;1135;;;
1771;superPoint;653;;;
1772;turboExpress;1294;;;
1773;downhillTrasy;1885;;;
1774;wheelWelycopedy;1966;;;
1775;predkieWorld;1034;;;
1776;magiczneShare;352;;;
1777;magiczneTrasy;876;;;
1778;ekskluzywneWyscigi;406;;;
1779;ikoniczneMaster;430;;;
1780;miejskieRent;1465;;;
1781;ostreBicykle;453;;;
1782;spinWorldPalace;682;;;
1783;ekskluzywneBmxy;520;;;
1784;swiatoweHelmet;1842;;;
1785;gearVibes;259;;;
1786;gearUtopiaFire;2041;;;
1787;ekskluzywneParadise;2024;;;
1788;turboWorldPalace;2048;;;
1789;wheelieSafariRide;838;;;
1790;wspanialeRowery;474;;;
1791;wheelUtopiaFire;1659;;;
1792;freeridePrzyjemnosci;1700;;;
1793;turboBikeHub;1255;;;
1794;gearUtopia;1677;;;
1795;superClub;1084;;;
1796;wheelCyklopedy;93;;;
1797;mocneBiedronka;1039;;;
1798;ikoniczneMaster;1059;;;
1799;wspanialeEvent;1852;;;
1800;szybkiePodroze;194;;;
1801;ostrePalace;1111;;;
1802;eleganckieZone;2009;;;
1803;superCrewZone;2044;;;
1804;ekskluzywneHire;445;;;
1805;ultraSkoki;392;;;
1806;freerideBikeHub;789;;;
1807;eksperckieKolarzowki;924;;;
1808;swiatoweHub;49;;;
1809;spinWorld;761;;;
1810;pegazoweWyscigi;1466;;;
1811;swietneExtreme;1156;;;
1812;mocneSportZone;203;;;
1813;spinPrzyjemnosci;1231;;;
1814;pegazoweSportZone;482;;;
1815;ekstraSpot;1409;;;
1816;szybkieDoznania;770;;;
1817;wheelRowerki;347;;;
1818;spinCrew;745;;;
1819;wheelWypady;513;;;
1820;streetKolarzowki;1001;;;
1821;ekskluzywneWelycopedy;127;;;
1822;spinBikeHub;1047;;;
1823;proCrewZone;1530;;;
1824;superBikeHub;66;;;
1825;wiejskieRent;1229;;;
1826;wiejskieZone;1931;;;
1827;wheelBmxy;981;;;
1828;swiatowePrzygody;949;;;
1829;eleganckieSkoki;1465;;;
1830;spinWorldPalace;1877;;;
1831;eksperckieRowery;588;;;
1832;turboUp;1063;;;
1833;proSport;401;;;
1834;downhillFire;1274;;;
1835;wiejskiePrzygody;1769;;;
1836;magiczneFire;1367;;;
1837;wielkieBikeHub;1252;;;
1838;freerideHub;1876;;;
1839;ikoniczneDoznania;1905;;;
1840;ultraWigry;1132;;;
1841;proWorldPalace;625;;;
1842;eleganckieSkladaki;604;;;
1843;dobrePoint;1655;;;
1844;mocneSportHub;1456;;;
1845;pegazoweParadise;548;;;
1846;turboPrzygody;1617;;;
1847;magiczneExtremeHub;337;;;
1848;spinRent;1704;;;
1849;magiczneDoznania;1375;;;
1850;ekstraBikeHub;2014;;;
1851;ekstraRide;1030;;;
1852;mocneRent;1478;;;
1853;turboJednoslady;2047;;;
1854;streetWorld;1769;;;
1855;turboWigry;401;;;
1856;wheelUtopia;1839;;;
1857;pegazoweUp;1009;;;
1858;mocneExtremeHub;1378;;;
1859;freerideJednoslady;566;;;
1860;ekstraCrew;1735;;;
1861;ikoniczneExtremeHub;531;;;
1862;ostreMoon;291;;;
1863;eleganckieTrasy;917;;;
1864;szybkieBikeHub;454;;;
1865;downhillRowerki;86;;;
1866;ostreWigry;310;;;
1867;dobreUp;1057;;;
1868;swietneSafari;697;;;
1869;mocneDoznania;389;;;
1870;ultraWigry;814;;;
1871;gripHub;935;;;
1872;ultraRider;1411;;;
1873;gearSharePoint;128;;;
1874;wielkieExtreme;1099;;;
1875;ekstraEvent;2001;;;
1876;wheelWelycopedy;273;;;
1877;spinSportHub;111;;;
1878;downhillBiedronka;439;;;
1879;wheelSafari;1761;;;
1880;superSafari;1735;;;
1881;downhillWorldPalace;1301;;;
1882;wspanialeJednoslady;634;;;
1883;wheelieDoznania;1863;;;
1884;downhillWorld;1976;;;
1885;streetUtopiaFire;865;;;
1886;ikoniczneSharePoint;1881;;;
1887;eleganckieHire;1541;;;
1888;gearTandemy;1390;;;
1889;wiejskieGuys;721;;;
1890;enduroRowery;1185;;;
1891;dobreKolarzowki;25;;;
1892;predkieCrewZone;713;;;
1893;swietneBiedronka;1344;;;
1894;downhillMoon;332;;;
1895;proHire;946;;;
1896;swietneUtopiaFire;1576;;;
1897;streetUtopia;890;;;
1898;dobreRentals;1689;;;
1899;ekstraSafariRide;1059;;;
1900;gearSkoki;131;;;
1901;ekskluzywneRide;1533;;;
1902;downhillWypady;1958;;;
1903;swietneSpot;678;;;
1904;superSharePoint;1349;;;
1905;predkieWypady;106;;;
1906;wheelieWorldPalace;865;;;
1907;spinBikeHub;773;;;
1908;predkieHire;551;;;
1909;wielkieCrewZone;1661;;;
1910;wheelBikeHub;1856;;;
1911;ekskluzywneBikes;1039;;;
1912;szybkieSafariRide;1020;;;
1913;ikoniczneParadise;499;;;
1914;eksperckieKolarzowki;1551;;;
1915;eksperckieBiedronka;281;;;
1916;swiatoweGuys;2018;;;
1917;swietneShare;795;;;
1918;enduroSkladaki;147;;;
1919;ultraKolarzowki;884;;;
1920;wspanialeUtopia;613;;;
1921;CycleVenture;340;;;
1922;PedalProHire;641;;;
1923;WheelWanderers;1914;;;
1924;SpinCycleAdventures;1586;;;
1925;BikeJunction;87;;;
1926;CycleQuestRiders;647;;;
1927;PedalParadiseRentals;172;;;
1928;WheelWiseHire;616;;;
1929;SpinCityCycles;588;;;
1930;BikeRoam;77;;;
1931;CycleExploreRent;1761;;;
1932;PedalPathAdventures;587;;;
1933;WheelTrekHire;1666;;;
1934;SpinCycleEscapade;1913;;;
1935;BikeAdrenalineRide;1426;;;
1936;CycleWanderlust;333;;;
1937;PedalTrailblazers;1353;;;
1938;WheelVoyageRentals;1108;;;
1939;SpinCycleOasis;802;;;
1940;BikeXtreme;1112;;;
1941;CycleSafariHire;1469;;;
1942;PedalPursuitRiders;1037;;;
1943;WheelWhisperRent;923;;;
1944;SpinCycleOdyssey;207;;;
1945;BikeVelocity;1418;;;
1946;CycleAdventuraHire;1295;;;
1947;PedalRhythmRiders;1138;;;
1948;WheelWanderlustRentals;479;;;
1949;SpinCityAdventures;639;;;
1950;BikeEscape;11;;;
1951;CycleVoyage;1281;;;
1952;PedalBlissHire;1861;;;
1953;WheelRoam;281;;;
1954;SpinCycleTrailblazers;1536;;;
1955;BikeQuestRentals;703;;;
1956;CycleTrailblazers;1916;;;
1957;PedalPassionHire;1576;;;
1958;WheelWanderersRide;462;;;
1959;SpinCycleExpedition;1029;;;
1960;BikeSafariRent;1990;;;
1961;CycleVelocityHire;1756;;;
1962;PedalPioneersRide;1807;;;
1963;WheelWhisperAdventures;600;;;
1964;SpinCycleJunctionRentals;603;;;
1965;BikeWanderlustRide;1052;;;
1966;CycleNexusHire;1624;;;
1967;PedalMastersAdventures;1731;;;
1968;WheelTrekRiders;44;;;
1969;SpinCycleEscapeRentals;1579;;;
1970;BikeHaven;1313;;;
1971;CycleXcelRent;593;;;
1972;PedalBlissAdventures;795;;;
1973;WheelTrailblazers;243;;;
1974;SpinCycleWanderlust;1900;;;
1975;BikeAdrenalineRentals;130;;;
1976;CycleVentureRiders;1649;;;
1977;PedalParadise;576;;;
1978;WheelVoyageAdventures;882;;;
1979;SpinCityRide;113;;;
1980;BikeRoamHire;1578;;;
1981;CycleExploreAdventures;1388;;;
1982;PedalTrailblazersRentals;1885;;;
1983;WheelWiseRide;549;;;
1984;SpinCycleAdventura;1042;;;
1985;BikeJunctionHire;904;;;
1986;CycleQuest;623;;;
1987;PedalPursuit;514;;;
1988;WheelWhisperRiders;462;;;
1989;SpinCycleOdysseyRentals;1996;;;
1990;BikeXtremeAdventures;419;;;
1991;CycleSafari;1878;;;
1992;PedalRhythmRent;747;;;
1993;WheelVoyageRiders;1489;;;
1994;SpinCityOasis;1753;;;
1995;BikeEscapeRentals;300;;;
1996;CycleWanderlustHire;1;;;
1997;PedalPassionAdventures;1956;;;
1998;WheelRoamRide;925;;;
1999;SpinCycleTrailblazersRent;1512;;;
2000;WadowiceEngineers;2047;;;
